,NoDur,Durbl,Manuf,Enrgy,Chems,BusEq,Telcm,Utils,Shops,Hlth ,Money,Other
192607,1.45,15.55,3.67,-1.18,8.01,3.16,0.83,7.04,0.11,1.77,-0.02,2.22
192608,3.97,3.68,2.42,3.47,5.14,1.97,2.17,-1.69,-0.71,4.25,4.47,4.34
192609,1.14,4.8,-0.07,-3.39,5.3,-0.34,2.41,2.04,0.21,0.69,-1.61,0.37
192610,-1.24,-8.23,-3.16,-0.78,-4.55,-5.38,-0.11,-2.63,-2.29,-0.57,-5.51,-2.73
192611,5.2,-0.19,3.82,0.01,5.11,4.79,1.63,3.71,6.43,5.42,2.34,2.1
192612,0.82,9.89,3.72,2.82,5.13,-1.78,1.99,-0.17,0.62,0.11,2.6,3.51
192701,-0.67,-0.92,-0.36,1.29,0.29,-0.77,1.88,-1.79,-2.55,5.05,-2.04,1.63
192702,3.37,8.91,4.6,1.47,9.56,4.6,3.97,4.53,3.61,1.71,2.71,5.13
192703,2.73,1.62,0.36,-6.01,5.95,0.55,5.56,0.37,-0.41,1.01,0.92,1.23
192704,3.35,3.15,0.17,-5.17,2.79,6.2,-2.13,1.71,4.43,2.74,2.45,0.77
192705,8.14,5.93,5.41,4.82,4.14,7.71,3.35,9.21,2.34,4.12,10.03,6.42
192706,-1.79,-3,-2.58,-3.16,-1.73,2.88,-2.14,-3.57,-0.62,0.54,-0.06,-2.22
192707,4.81,13.09,10.1,2.85,17.1,13.32,3.73,5.31,9.84,9.84,6.5,6.02
192708,2.76,6.98,3.01,-0.04,2.11,6.73,0.43,3.43,7.34,0.28,1.81,-1.18
192709,5.24,5.67,4.31,3.32,5.79,0.86,6.53,8.29,7.5,5.65,5.98,4.52
192710,-0.8,-4.38,-6.67,-2.04,-6.92,-7.15,-2.09,-4.34,-4.93,5.13,4.01,-4.25
192711,6.81,6.39,11.36,4.16,8.95,11.19,2.83,6.32,11.67,3.68,7.92,4.29
192712,2.46,7.77,3.72,0.89,-0.04,2.12,1.33,2.24,-0.68,-0.46,11.17,1.38
192801,0.52,-3.34,-0.59,-1.86,-0.44,-0.44,0.3,5.87,-0.88,2.69,1.48,-1.18
192802,-4.17,1.26,-2.61,-0.22,0.99,-0.84,-0.3,-0.68,-1.12,-1.38,-2.9,-1.96
192803,4.39,27.49,6.4,5.32,12.62,22.44,1.96,6.62,8.49,10.54,9.56,5.8
192804,-0.46,1.46,2.03,15.12,0.06,2.31,3.22,10.94,0,2.35,9.19,3.95
192805,0.88,5.65,3.97,-5.29,2.69,1.69,6.61,1.51,3.79,9.27,2.06,-0.16
192806,-4.42,-4.08,-5.59,-4.07,-2.73,-5.35,-5.22,-3.43,-3.4,-3.15,-9.96,-3.84
192807,1.68,0.94,2.15,1.05,2.01,-0.03,-1.28,-1.24,5.44,2.39,0.33,-0.42
192808,6.11,9.04,8.17,2.41,8.91,11.17,4.55,6.46,13.53,14.57,5.16,4.71
192809,1.14,7.88,3.63,5.34,4.6,1.29,0.15,3.76,0.17,-1.14,1.83,0.93
192810,0.9,0.08,3.91,2.04,5.11,1.98,2.97,-1.89,5.9,0.05,2.61,-0.72
192811,6.62,4.51,12.74,17.23,12.89,21.68,6.68,21.93,15.29,5.05,9.94,9.96
192812,-0.52,-1.22,3.26,-4.36,1.93,8.18,-0.38,1.57,-1.32,-0.41,1.06,0.34
192901,3.38,1.3,7.07,-7.59,21.78,11.54,13.38,13.17,-3.88,3.43,8.12,5.31
192902,-2.62,-0.03,4.82,-0.1,-0.58,-0.94,-1.15,-1.99,-2.41,0.05,0.83,-0.06
192903,-4.63,-1.88,-1.28,11.03,-3.56,5.29,4.29,-3.17,-5.13,-1.5,-1.15,-2.27
192904,1.8,-0.98,1.77,0.74,3.61,1.91,3.39,5.13,3.75,1.48,0.51,0.45
192905,-3.94,-15.05,-10.44,-5.57,-7.22,0.69,-8.77,4.8,-8.65,-7.84,-3.23,0.32
192906,5.36,7.01,11.01,1.14,19.59,18.18,13.7,23.47,9.47,4.52,6.3,5.7
192907,3.23,-2.95,3.91,0.16,4.83,9.42,13.68,9.14,1.04,2.59,8.36,6.27
192908,4.77,3,9.08,11.36,10.92,12.36,10.98,9.05,7.79,3.09,5.82,8.06
192909,-3.6,-8.35,-7.16,-2.95,-6.26,-8.34,-1.37,1.32,-5.47,-7.02,-5.75,-6.49
192910,-10.64,-28.94,-17.19,-10.07,-24.79,-29.57,-15.39,-30.04,-23.97,-18.02,-28.84,-9.15
192911,-8.44,-17.31,-13.5,-6.42,-16.13,-19.7,-9.47,-14.64,-12.34,-7.9,-13.88,-9.06
192912,0.64,4.9,0.1,-1.18,5.82,11.87,1.01,7.94,-6.03,1.11,-0.4,-0.5
193001,5.7,5.95,6.43,-0.76,8.53,10.77,1.2,7.25,4.69,2.55,9.74,4.34
193002,2.15,2.44,2.61,-4.49,2.11,7.23,7.06,8.57,-5.13,3.15,5.85,2.94
193003,2.11,11.37,5.92,17.94,9.96,8,8.79,9.72,-2.44,5.99,8.74,4.35
193004,0.54,-7.81,-7.68,6.55,-4.96,1.59,-4.52,3.34,2.63,-1.27,-4.08,-6.74
193005,1.36,4.12,-1.54,-3.73,-2.43,-4.58,0.4,-1.33,-0.17,-1.49,-5.71,-0.32
193006,-11.04,-22.27,-15.85,-15.47,-17.83,-20.18,-8.34,-19.06,-16.26,-13.34,-21.44,-10.46
193007,3.14,12.1,4.29,5.18,5.71,4.14,1.27,4.06,2.7,6.52,4.42,3.29
193008,1.98,-1.89,-1.34,-3.2,3.87,1.74,1.74,1.18,4.96,7.71,1.26,-0.64
193009,-8.96,-16.73,-13.8,-15.46,-13.15,-19.11,-5.27,-11.92,-10.91,-8.7,-18.09,-9.33
193010,-4.85,-11.64,-9.68,-8.37,-10.71,-18.07,-4.12,-8.28,-8.61,-4.37,-15.34,-7.46
193011,0.18,5.37,-0.52,-3.72,-0.36,-3.5,-3.27,-8.74,2.74,-3.23,-8.32,-4.76
193012,-4.59,-1.26,-9.92,-12.32,-4.73,-10.58,-3.8,-3.69,-13.44,-6.79,-12.42,-8.35
193101,5.4,8.02,4.64,5.31,1.19,5.19,4.79,5.53,7.19,8.23,18.59,11.09
193102,6.81,17.37,13.42,5.77,11.7,23.61,5.95,15.27,14.79,7.81,17.06,3.99
193103,-1.69,-3.81,-6.98,-14.26,-6.29,-7.87,-3.58,-2.94,-3.27,1.8,-8.48,-9.53
193104,-5.29,-7.87,-15.12,-13.45,-10.72,-14.21,-4.25,-9.04,-4.84,-3.62,-15.19,-9.11
193105,-11.01,-16.08,-18.61,-12.54,-11.73,-12.37,-8.94,-11.15,-3.27,-10.26,-18.93,-17.18
193106,10.73,14.63,17.57,17.57,16.78,19.14,10.21,11,7.86,9.69,23.38,15.25
193107,-3.81,-2.1,-12.63,-3.63,-5.24,-10.63,-4.87,-5.39,-1.53,2.61,-8.72,-10.1
193108,-0.65,-2.78,-0.36,9.48,0.83,3.55,0.82,-1.74,3.02,0.39,0.38,-4.94
193109,-24.69,-34.8,-28.84,-29.84,-31.43,-34.65,-21.56,-33.05,-30.24,-29.45,-39.89,-23.37
193110,6.89,12.96,5.82,14.02,7.3,11.58,4.34,10.48,13.97,11.26,11.97,0.05
193111,-4.35,-3.49,-9.97,-8.69,-5.67,-14.51,-6.86,-4.77,-9.4,-2.79,-11.1,-20.83
193112,-9.51,-8.78,-19.89,-18.91,-6.76,-13.75,-7.94,-13.24,-15.17,-4.1,-20.97,-15.49
193201,2.06,-6.9,1.79,-4.86,-4.32,-12.71,-4.04,-2.52,0.79,-2.66,3.84,7.42
193202,5.37,2.09,4.56,8.75,7.35,7.71,11.63,7.04,4.11,2.05,13.57,-3.18
193203,-5.98,-22.18,-14.69,-1.1,-12.8,-15.95,-9.9,-9.57,-9.27,-6.41,-15.18,-16.15
193204,-11.35,-29.53,-20.66,-13.94,-27.72,-22.52,-12.39,-15.5,-15.71,-19.77,-19.22,-23.13
193205,-21.22,-18.59,-21.27,-5.56,-12.9,-30.2,-10.81,-26.82,-29.28,-34.08,-30.34,-29.93
193206,1.16,-7.82,1.25,5.94,-7.98,7.99,-9.55,1.45,-0.59,11.05,6.28,-4.13
193207,24.7,44.95,46.64,35.13,30.16,49.48,16.7,29.35,27.11,29.18,51.98,56.97
193208,22.71,45.25,52.18,19.49,33.17,48.24,28.17,43.46,32.91,35.87,59.1,58.54
193209,-0.86,8.5,-5.62,-10.16,4.74,-6.11,0.24,-4.65,3.06,-11.92,-6.85,-3.38
193210,-11.41,-24.75,-15.92,-3.79,-14.72,-20.63,-8.13,-10.82,-12.68,-18.56,-17.08,-18.23
193211,-7.1,-2.71,-13.95,-4.53,-2.45,-8.84,-1.12,-3.6,-5.61,5.53,-3.39,-7.87
193212,3.81,4.47,-0.51,0.05,10.7,6.87,3.67,9.12,5,6.82,8.91,3.72
193301,4.66,0.83,4.73,-3.01,1.69,0.6,0.31,-4.38,-2.4,-1.13,1.51,10.66
193302,-9.06,-24.48,-17.41,-13.9,-17.25,-21.28,-7.77,-19.85,-17.96,-10.82,-20.16,-15.37
193303,10.37,9.23,13.76,4.39,6.41,6.64,-5.85,-12.79,8.53,-3.16,-6.84,6.56
193304,34.17,79.79,60.17,38.99,48.6,58.59,13.22,25.36,42.45,37.13,42.9,28.03
193305,12.71,26.05,25.78,17.71,25.97,19.8,17.37,19.29,17.06,23.49,26.14,32.92
193306,10.34,20.75,13.1,12.5,10.6,11.38,10.5,15.58,16.26,10.39,18.44,13.54
193307,-6.61,-7.05,-12.17,-12.05,-9.47,-11.48,-4.36,-13.58,-13.46,-19.11,-12.38,-5.18
193308,9.86,20.76,14.39,19.07,19.23,13.3,4.53,-1.23,7.15,-0.38,9.2,15.84
193309,-7.45,-15.32,-10.99,-2.69,-8.23,-18.41,-3.56,-19.74,-8.74,-1.31,-16.87,-16.28
193310,-9.12,-10.06,-9.87,-4.85,-4.64,-10.11,-7.18,-7.5,-7.83,-6.02,-13.1,-10.43
193311,5.21,25.38,11.63,14.69,14.42,13.2,5.63,-2.39,14.45,9.4,6.55,5.09
193312,-3.39,10.45,4.34,-1.2,5.04,1.07,-3.75,1.05,4.57,-11.73,3.5,4.96
193401,10.02,13.2,14.65,8.72,5.12,16.95,5.97,20.52,17.3,16.77,23.89,17.46
193402,-4.98,-2.06,-3.36,-3.38,-2.47,-7.4,2.12,-1.69,3.03,-3.59,-1.79,-1.9
193403,1.17,-0.3,-1.03,-1.33,-1.81,4.21,1.27,-1.8,2.4,-0.64,0.66,0.85
193404,3.1,-6.85,-2.33,-1.99,-2.76,-3.72,-1.25,-3.75,-1.21,8,-1.01,-1.73
193405,-3,-12.82,-11.29,-4.63,-6.76,-8.13,-4.3,-7.73,-7.92,-0.38,-8.33,-7.15
193406,3.85,-2.75,3.85,1.2,4.83,2.75,1.32,4.26,2.43,2.04,5.1,2.68
193407,-5.12,-13.83,-14.69,-9.73,-5.18,-13.9,-4.34,-17.24,-8.35,-1.89,-14.78,-17.97
193408,4.22,10.87,8,6.12,6.32,7.36,2.56,2.04,4.72,-3.05,5.63,4.11
193409,0.24,0.68,-1.93,-2.32,0.32,-0.58,1.9,1.61,2.55,0.8,-2.39,0.14
193410,0.61,-2.08,-1.11,-4.69,1.13,-2.26,-1.56,-7.61,1.68,-0.71,1.89,-3.19
193411,8.5,17.61,14.58,7.03,9.08,15.05,-1.73,-0.25,9.61,4.07,8.7,4.88
193412,-0.94,3.56,3.65,0.68,-0.18,4.12,-0.59,-8.66,-1.04,0.62,1.43,-0.61
193501,-1.4,-9.03,-3.17,-4.37,-0.85,1.26,-0.46,-3.16,-5.27,-0.86,-4.96,-7.18
193502,1.61,-3.27,-2.95,-3.35,0.92,-1.19,1.04,-12.16,-0.62,4.25,-1.66,-5.52
193503,-4.63,-5.82,-5.25,-3.82,-3.6,-4.98,-0.72,12.34,-4.33,-3.14,-1.85,-6.33
193504,5.73,5.73,9.85,15.48,8.26,9.15,9.13,11.14,6.47,3.18,6.3,9.47
193505,1.09,2.96,1.44,3.51,2.44,3.02,8.38,13.76,2.53,-4.02,5.71,3.36
193506,5.51,9.78,6.94,1.51,5.84,8.81,5.35,9.11,6.28,4.09,7.33,6.04
193507,3.14,19.08,13.75,0.13,5.1,11.56,5.74,9.22,7.51,3.19,7.99,7.04
193508,-1.56,9.01,2.35,-1.89,4.41,3.82,4.07,7.21,3.09,0.29,5.66,2.73
193509,1.69,11.09,3.21,-3.33,6.12,7.97,4.28,-2.03,-0.57,1.11,-1.81,1.39
193510,4.48,13.63,7.44,13.52,3.38,9.28,3.11,14.13,1.22,5.97,7.99,0.71
193511,1.1,3.49,5.85,2.78,1.63,7.5,9.72,0.82,2.92,1.74,12.7,13.41
193512,2.08,5.8,4.69,14.09,1.41,4.38,-0.16,5.62,-1.02,2.35,5.47,3.91
193601,3.24,3.89,5.83,14.06,4.77,7.34,4.17,12.53,-2.81,3.46,6.52,14.04
193602,0.61,3.74,7.15,1.26,2.35,0.13,6.57,-6.59,0.99,3.45,-0.82,3.93
193603,-2.08,10.19,2.47,1.75,2.67,-0.91,-3.37,0.64,1.14,3.52,-2.28,-3.14
193604,-4.45,-10.15,-9.98,-10.28,-6.77,-8.91,-5.66,-8.34,-5.24,-9.19,-7.55,-7.36
193605,4.96,4.06,6.45,-0.57,5.45,5.57,6.46,9.52,6.7,4.8,13.03,5.73
193606,2.32,6.86,0.02,1.73,4.03,0.61,2.43,3.62,5.29,1.29,3.66,1.14
193607,2.97,4.91,7.37,4.74,8.15,12.98,2.44,11.59,6.21,4.65,7.18,10.48
193608,0.84,-0.28,3.01,-0.67,-1.12,3.04,1.76,-1.03,2.49,-1.48,0.22,2.38
193609,-0.66,3.26,1.87,1.39,1.91,-0.91,0.33,-2.05,2.94,0.77,2.31,0.44
193610,3.37,5.08,8.22,12.48,6.26,6.37,5.09,5.72,11.22,3.78,5.48,8.96
193611,4.53,-1.37,5.91,1.48,4.53,5.51,3.87,-2.86,11,3.4,5.98,-1.27
193612,-1.42,-7.24,3.52,9.24,-1.51,3.25,-0.4,-1.63,-8.14,-2.04,-2.63,-0.68
193701,2.45,7.27,5.14,2.41,2.76,10.24,-0.85,2.61,0.07,3.47,0.47,1.22
193702,0.89,-0.5,4.29,1.49,-0.89,-1.56,-3.06,-4.19,3.06,-3.72,-0.37,6.44
193703,-1.01,-4.13,2.74,3.39,-2.01,-4.74,-2.09,-6.32,-2.73,-5.03,-3.63,4.62
193704,-6.38,-7.9,-11.26,-5.3,-4.07,-7.79,-5.25,-7.47,-7.24,-3.32,-6.85,-6.83
193705,-0.44,-1.97,1.09,-0.24,1.69,-0.56,1.53,-5.27,-4.54,1.68,-3.31,-3.35
193706,-3.24,-10.77,-3.64,-2.66,-3.16,-1.8,1.39,-5.26,-1.59,-4.12,-4.92,-10.07
193707,5.07,13.23,10.73,8.42,5.41,10.27,3.27,19.32,10.33,4.14,16.25,6.3
193708,-2.47,-2.27,-4.74,-6.57,-3.02,-5.81,-2.54,-10.18,-4.27,1.09,-15.06,-5.96
193709,-9.12,-12.67,-20.36,-13.21,-9.6,-15.44,-2.1,-11.75,-14.1,-10.76,-14.62,-16.35
193710,-7.06,-12.88,-14.65,-6.95,-11.37,-7.7,-5.36,-4.88,-7.04,-3.55,-8.34,-10.7
193711,-5.86,-15.24,-9.25,-11.48,-9.39,-3.92,-3.59,2.9,-14.36,-5.12,-7.4,-6.69
193712,-2.27,-16.27,-3.41,-1.25,0.41,-3.55,-1.54,-10.69,-6.55,-2.41,-6.99,-6.51
193801,2.96,11.05,-1.35,0.51,-0.99,-2.74,-2.43,-5.7,5.92,3.52,-0.21,0.72
193802,3.46,3.47,8.75,9.42,7.39,5.37,-2.32,3.64,9.5,8.61,6.67,4.31
193803,-15.79,-27.35,-27.34,-25.2,-22.22,-28.81,-17.44,-19.61,-22.19,-14.44,-25.2,-31.27
193804,12.27,14.85,17.53,15.92,8.23,16,13.47,14.78,16.18,11.82,16.55,13.83
193805,-0.23,-6.92,-8.52,-5.82,-3.25,-3.14,0.83,2.21,-3.86,1.71,-5.12,-3.53
193806,13.2,36.01,34.94,21.98,27.55,29,12.42,16.9,24.03,10.07,26.37,24.33
193807,6.61,19.89,6.93,7.38,6.29,6.1,1.28,0.68,9.06,5.8,8.92,10.36
193808,-4.02,5.97,-3.11,-8.82,0.22,-0.83,0.28,-5.53,-2.4,0.36,-4.07,-3.61
193809,0.51,0.69,1.27,0.82,2.49,1.45,0.85,1.23,0.06,-0.01,0.05,-1.67
193810,5.15,6.49,12.14,-1.56,7.17,11.12,3.56,21.09,8.04,5.63,9.42,11.65
193811,-2.49,-1.2,-1.83,-0.11,-0.63,-4.95,0.65,-7.01,-0.37,1.44,-1.43,-2.19
193812,2.76,2.12,5.68,4.86,5.2,3.01,2.57,3.95,1.03,0.85,0.86,8.08
193901,-1.92,-8.33,-10.99,-6.29,-5.81,-7.78,1.81,1.21,-3.14,-0.96,-6.1,-9.41
193902,2.46,7.06,3.83,-1.18,1.11,3.45,3.53,8.78,6.2,3.72,4.27,4.82
193903,-5.75,-17.63,-19.26,-8.31,-7.6,-16.96,-2.21,-13.63,-9.59,-4.33,-11.94,-15.9
193904,0.62,0.72,-1.9,-1.06,-1.34,-1.14,2.75,3.03,-0.13,1,-3.28,-1.35
193905,5.47,7.89,8.92,2.55,6.19,7.14,5.56,6.61,11.38,5.49,8.92,7.77
193906,-2.04,-6.78,-8.69,-6.12,-2.32,-8.79,-3.79,-3.55,-2.7,1.1,-5.33,-8.37
193907,6.22,17.58,14.38,3.03,10.08,15.38,6.51,12.71,8.71,3.08,11.07,11.72
193908,-7.36,-6.94,-9.12,-3.91,-2.68,-9.09,-4.19,-6.01,-7.33,-5.43,-9.36,-10.18
193909,4.79,23.72,32.37,25.56,15.69,15.99,2.37,3.6,1.59,7.07,12.3,29.93
193910,3.26,-1.4,-2.31,-3.93,-2.42,-1.81,3.05,2.11,5.77,0.21,-0.06,-2.01
193911,-0.47,-2.92,-7.7,-6.14,-2.38,-3.35,0.97,-1.49,-2.31,1.22,-0.42,-6.34
193912,3.17,3.88,3.48,-0.08,4.59,3.92,2.87,2.95,3.03,3.77,2.8,2.28
194001,1.69,-3.83,-6.24,-2.19,-1.96,-4.27,-0.12,-0.05,-0.95,-1.79,0.59,-3.63
194002,0.94,2.08,2.32,0.97,2.53,0.4,1.04,-1.24,2.51,1.48,0.41,1.02
194003,1.65,3.78,1.14,1.72,2.12,3.38,1.16,1.74,3.08,1.9,2.5,2.67
194004,1.75,-0.54,0.84,0.18,0.86,-2.38,0.33,-1.35,-0.13,-0.31,-0.9,-0.72
194005,-20.91,-26.04,-23.73,-24.47,-19.59,-21.19,-14.13,-19.94,-24.41,-21.21,-26.24,-23.38
194006,5.38,8.68,3.4,5.67,4.62,4.46,8.72,17.43,9.01,4.91,6.58,9.17
194007,-0.02,5.92,4.98,3.19,3.15,5.68,1.97,0.08,4.39,-0.52,4.81,3.02
194008,1.34,7.39,3.19,1.42,1.78,2.72,-0.36,-1.04,2.9,-2.29,2.44,3.01
194009,2.53,3.17,4.63,-2.26,3.34,4.42,1.66,-2.19,3.32,4.61,-0.43,3.25
194010,-1.41,3.94,7.93,6.3,-1.71,2.27,1.61,3.82,0.08,-3,6.42,5.03
194011,-0.99,-0.63,0.74,0.87,-4.64,-4.09,0.61,-13.06,-2.15,-1.82,0.22,-0.21
194012,0.55,-3.29,0.51,2.31,2.06,0.35,2.04,1.76,0.43,-0.23,-3.18,1.13
194101,-0.51,-9.22,-7.41,-2.14,-6.32,-2.24,-2.1,-2.16,-3.63,-2.19,-1.21,-1.69
194102,-2.49,1.27,-1.61,-0.69,-2.66,-0.26,-2.23,-1.2,-2.53,-4.69,-0.54,-0.26
194103,0.56,-1.7,0.16,3.74,2.03,-0.21,1.78,-3.33,1.21,1.77,0.07,2.24
194104,-4.13,-10.57,-6.97,1.4,-3.82,-8.85,-6.35,-9.61,-5.22,-5.22,-7.48,-3.71
194105,-1.4,0.41,3.74,5.46,3.09,-0.24,0.4,-4.43,2.27,-1.45,-2.2,-0.62
194106,6.28,3.9,6.15,5.22,7.44,10.57,5.04,3.94,5.1,6.72,4.07,4.6
194107,5.53,3.97,7.85,11.06,5.67,1.35,-0.38,5.33,4.74,8.03,7.61,7.51
194108,0.83,2.34,-0.79,-3.46,-0.36,0.85,1.06,-2.06,2.37,0.08,0.38,0.16
194109,1.78,4.14,-3.14,-0.66,-2.02,-1.51,0.25,-2.83,0.43,-0.21,0.51,-3.28
194110,-7.04,-7.98,-6.74,2.19,-5.98,-10.76,-2.72,-9.66,-5.2,-3.69,-6,-3.69
194111,-3.15,-3.64,-2.27,3.13,0.07,-2.33,-4.03,-6.67,-4.52,-2.93,-2.57,-1.3
194112,-3.95,-11.79,1.51,-11.1,0.14,-0.78,-8.59,-7.48,-9.83,-1.59,-7.5,-4.87
194201,2.54,6.25,1.29,-1.63,-7.7,2.01,-1.37,4.07,0.66,-2.99,5.72,10.41
194202,-5.5,5.15,-0.87,-5.83,-4.98,-2.54,-0.57,-2.45,-1.92,-5.35,0.21,-2.31
194203,-8.29,1.42,-4.65,-8.24,-7.55,-5.58,-6.91,-12.13,-7.09,-5.54,-6.24,-9.58
194204,-4.1,-4.37,-6.37,-3.57,-1.37,-3.39,-7.32,-3.42,-5.88,-4.45,-1.67,-2.09
194205,8.76,9.95,0.72,6.77,4.15,7.71,7.72,8.41,11.75,14.69,8.47,2.42
194206,3.55,1.77,3.04,4.42,4.78,3.75,-2.23,1.69,2.54,2.85,2.05,1.97
194207,2.42,2.1,3.5,6.05,1.43,1.91,4.48,-0.43,4.96,1.6,5.45,6.84
194208,0.8,2.33,1.22,3.54,0.97,1.82,2.49,0.79,1.71,2.43,1.87,2.54
194209,-0.07,2.59,2.86,2.36,4.35,4.58,2.04,5.83,0.67,0.26,2.21,3.64
194210,4.51,5.82,6.55,9.62,6.59,7.04,6.19,15.13,0.62,4.13,9.26,8.83
194211,2.71,-0.14,-3.69,0.91,0.44,1.49,2.63,-1.3,6.66,1.58,2.82,-3.13
194212,4.72,8.19,5.18,7.49,5.34,6.43,0.35,4.36,2.73,8.69,5.18,4.27
194301,9.14,5.24,8.31,6.4,4.71,10.9,3.78,14.69,6.92,2.47,6.62,7.16
194302,3.62,7.58,6.2,7.91,2.9,4.68,8.81,7.87,3.08,3.64,9.26,9.52
194303,4.36,5.06,8.3,7,2.43,7.42,0.62,4.68,8.68,4.56,9.64,10.19
194304,1.03,0.53,-1.78,0.97,-0.62,1.25,4.16,4.01,1.87,1.4,1.52,2.34
194305,6.56,6.58,4.66,5.69,6.48,6.54,4.57,4.49,7.49,5.13,8.59,4.9
194306,2.05,4.85,1.15,1.19,0.18,3.11,2.27,4.24,5.59,0.5,0.05,-1
194307,-1.87,-9.7,-7,-2.86,-6.06,-8.13,-0.18,-0.48,-3.15,-3.26,-4.2,-5.42
194308,0.94,3.48,0.5,1.1,0.63,1.06,0.91,1.87,3.74,0.26,1.09,1.49
194309,2.18,1.69,2.73,1.41,2.7,5.36,1.45,3.87,2.16,4.02,1.66,2.3
194310,-0.27,-1.12,-0.17,-2.06,-2.05,-3.68,0.73,0.56,-2.4,0.57,-0.95,-1.12
194311,-4.57,-5.32,-7.44,-6.93,-4.66,-6.62,-1.74,-8.37,-4.5,-3.93,-7.22,-8.17
194312,6.14,7.94,7.6,7.2,3.38,8.01,3.14,7.41,6.92,3.94,8.27,6.89
194401,3.97,1.02,2.57,0.61,0.62,0.84,0.86,-0.34,0.78,0.29,1.06,5.34
194402,-0.53,3.68,0.09,0.09,-1,-2.65,0.88,1.51,1.05,-2.64,0.27,2.49
194403,2.83,4.77,2.29,1.87,2.32,3.87,0.74,1.8,2.28,2.46,3.58,2.45
194404,-1.95,-1.18,-2.4,-1.37,-1.77,-1.29,-0.57,-0.92,-1,-2.36,-3.02,-2.33
194405,5.33,7.91,6.23,4.97,4.34,3.47,2.83,2.78,5.07,5.68,3.78,4.39
194406,5.64,9.31,7.89,0.53,5.42,8.09,3.21,4.86,5.83,3.85,8.33,5.41
194407,-0.35,-4.93,-1.86,-1.21,-2.17,-1.71,-0.37,0.23,-0.08,-1.24,-1.41,-0.62
194408,2.56,3.98,2.9,-1.94,0.7,2.17,0.67,3.62,3.12,0.76,1.94,0
194409,-0.23,0.61,0.64,-1.38,0.27,-0.66,0.27,-1.51,1.81,0.43,-0.08,0.14
194410,-0.03,-2.74,-0.57,1.87,0.4,0.52,0.75,1.35,0.44,1.09,-0.24,0.88
194411,1.27,2.22,1.71,2.63,-0.66,1.72,0.7,-0.39,2.79,0.52,0.71,5.14
194412,2.03,3.97,5.44,5.14,2.19,4.46,0.72,3.12,2.15,1.71,2.67,9.74
194501,2.64,1.37,2.81,4.92,2.34,1.04,-2.11,5.69,0.07,0.56,3.68,-0.02
194502,3.95,7.65,7.53,7.31,5.41,7.23,2.85,6.08,4.52,4.25,7.38,8
194503,-3,-6.03,-5.2,-5.25,-3.65,-4.17,-0.11,-3.08,-1.37,-1.83,-3.86,-3.46
194504,7.1,11.15,8.62,6.9,7.61,8.63,2.51,10.11,7.16,6.33,6.13,9.38
194505,2.33,0.78,0.83,-0.87,0.55,2.27,3.76,1.88,6.26,4.11,0.94,3.56
194506,0.89,-1.53,1.01,-0.5,-2.4,-2.1,2.62,5.14,-3.14,-4.65,3.64,4.66
194507,-1.44,-0.98,-3.34,-3.23,-2.44,-1.35,2.18,-0.37,-0.11,-1.62,-3.29,-5.91
194508,7.72,9.41,8.57,2.22,9.15,10.12,1.74,1.06,8.22,9.19,8.94,1.24
194509,6.28,2.74,6.31,1.98,6.15,2.61,1.9,6.56,5.64,6.51,1.79,7
194510,6.77,0.2,3.71,6.33,0.33,-0.69,2.36,6.07,5.96,6.61,7.31,5.44
194511,3.68,2.62,5.5,8.37,3.07,3.09,3.39,4.79,6.92,8.58,4.75,10.02
194512,1.29,2.54,1.29,-0.24,2.38,2.33,0.48,-1,3.46,1.53,4.62,-0.75
194601,4.85,6.67,9.47,-0.07,5.34,5.82,1.91,10.82,10.98,7.76,7.72,7.31
194602,-4.82,-8.94,-6.95,-4.67,-4.81,-6.79,-2.82,-5.71,-4.23,-4.31,-7.56,-5.84
194603,6.35,0.98,5.18,11.04,7.11,0.82,1.16,6.25,11.4,14.57,5.63,4.48
194604,3.54,1.42,3.65,8.77,5.81,0.99,1.59,4.31,7.2,14.67,0.89,1.85
194605,3.35,5.14,5.4,3.68,3.74,6.14,2.82,3.06,1.9,5.64,3.99,3.27
194606,-3.6,-5.92,-4.11,-3.15,-3.02,-4.74,0.3,-2.78,-7.69,-5.52,-2.67,-3.37
194607,-0.75,-4.75,-3.75,-0.06,-2.23,-3.35,-0.08,-3.61,-2.99,-3.22,-4.5,-5.06
194608,-5.27,-10.34,-6.67,-5.61,-6.15,-7.94,-7,-5.35,-4.83,-3.24,-6.65,-6.83
194609,-10.68,-14.88,-11.02,-8.05,-8.78,-10.23,-4.74,-8.91,-6.88,-7.03,-13.47,-14.56
194610,0.39,-3.31,-1.1,-0.66,-3.41,-3.03,-5.13,1.45,-2.25,-0.24,-1.48,-0.24
194611,-1.31,-1.13,1.23,0.56,3.23,-3.64,1.79,0.8,-4.94,1.67,0.07,0
194612,3.75,6.16,6.15,4.39,7.26,5.03,3.77,6.07,4.06,7.23,8.15,1.63
194701,0.23,10.9,1.68,-0.65,-0.7,6.37,1.03,-0.16,0.68,-5.32,2.27,0.07
194702,-0.31,1.54,-0.68,-2.7,-0.21,-3.22,-2.05,-0.88,-0.39,-4.19,-2.82,-0.94
194703,-2.2,-2.7,-1.91,2.29,-0.57,-3.21,-2.15,-2.79,-2.2,-1.26,-2.46,-3.52
194704,-6.68,-4.08,-6.61,-0.44,-3.69,-5.74,-0.22,-3.72,-7.97,-8.6,-6.45,-6.23
194705,-0.5,-2.16,-2.98,2.52,-0.44,0.25,-1.1,-2.48,-0.37,-2.68,-0.91,-2.33
194706,6.53,5.87,4.57,7.76,7.32,4.69,-3.17,3.98,9.88,4.19,7.21,2.28
194707,4.65,5.2,4.89,3.87,2.22,6.4,0.81,2.53,4.61,2.6,2.41,6.82
194708,-1.38,-0.76,-1.64,-2.3,-0.48,-3.58,0.36,0.26,-3.54,-3.83,-1.3,-3.61
194709,0.4,0.17,1.48,-2.71,-0.58,0.87,0.84,-1.32,-2.8,-2.62,0.74,-1.35
194710,1.36,2.93,3.86,5.24,1.6,2.33,0.21,0.13,3.03,1.22,3.04,0.51
194711,-1.69,-2.68,-1.11,-0.34,-0.98,-1.24,-2.57,-7.58,-2.41,-3.04,-1.61,-2.03
194712,0.69,2.24,2.88,9.29,1.85,3.03,0.44,1.19,0.36,3.1,1.12,4.35
194801,-2.69,-5.35,-4.24,-7.43,-4.27,-4.78,0.1,-0.22,-3.29,-8.23,-1.23,-0.78
194802,-6.12,-5.42,-5.19,-2.96,-5.45,-3.97,-1.06,-3.46,-3.8,-3.53,-5.27,-3.84
194803,5.46,7.25,10.86,9.93,7.5,10.78,1.95,6.61,6.67,6.33,8.23,10.33
194804,1.31,1.17,2.19,11.22,2.78,-0.5,2.65,1.5,5.08,2.14,4.3,3.01
194805,5.09,14.43,7.91,6.08,7.37,14.52,2.49,5.73,8.57,6.78,9.89,6.04
194806,-2,0.3,-1.71,3.49,0.28,-1.1,0.44,2.57,-1.3,-2.19,-0.14,-0.89
194807,-1.67,-4.37,-4.83,-7.18,-5.25,-6.99,-1.65,-4.34,-7.72,-4.25,-5.74,-4.8
194808,0.02,1.12,1.07,-2.01,-0.39,2.58,0.06,0.1,2.49,-1.9,-0.87,2.11
194809,-3.95,-3.88,-2.99,-4.46,-2.03,-3.19,-0.23,-0.89,-0.93,-3.08,-0.91,-4.03
194810,3.64,7.95,6.57,9.2,6.7,7.33,1.11,4.42,4.14,5.19,6.1,4.68
194811,-6.17,-11.87,-10.73,-12.18,-8.15,-10.78,-2.06,-9.05,-5.72,-5.74,-8.63,-11.06
194812,0.68,3.44,2.71,4.72,6.83,6.18,1.09,2.65,1.53,4.54,6.06,2.03
194901,3.67,2.44,0.55,-3.83,-0.19,-1.51,-1.26,4.76,1.17,4.57,-0.83,0.63
194902,-1.93,-3.69,-3.52,-4.3,-2.85,-5.2,-0.3,0.68,-2.27,-0.93,-0.75,-3.83
194903,3.2,3.42,3.81,6.06,3.5,5.49,1.36,3.77,4.39,5.5,7.45,4.22
194904,-1.64,-4.22,-4.46,1.28,-2.15,-3.19,-1.64,1.23,-1.64,0.24,-0.21,-1.88
194905,-0.42,-2.83,-5.05,-5.63,-0.87,-4.38,-2.18,-0.58,0.19,-1.88,-2,-2.88
194906,1.02,1.29,0.17,-1.18,0.6,-0.47,1.12,-0.92,2.86,2.16,-0.66,-1.58
194907,4.94,9.43,6.35,6.24,5.01,7.64,2.41,4.73,5.16,6,6.32,3.57
194908,3.97,2.31,1.5,5.49,3.27,0.56,0.98,3.66,1.5,0.19,2.62,1.1
194909,2.83,2.65,3.47,3.03,4.6,3.78,1.23,4.06,2.32,1.86,6.27,2.52
194910,1.53,7.34,3.96,3.71,4.73,4.14,1.88,1.32,0.66,3.38,4.22,1.85
194911,1.84,4.75,2.52,-2.77,4.82,3.12,1.67,3.24,2.1,4.81,3.02,0.65
194912,5.13,8.27,6.72,1.09,5.89,10.25,1.59,3.26,4.76,8.7,6.14,7.53
195001,1.37,1.87,2.61,-0.64,0.84,5.32,1.86,3.73,0.43,1.06,1.72,3.69
195002,0.53,3.49,2.43,-0.53,1.24,3.51,0.66,2.39,2.32,1.92,3.44,0.22
195003,-0.56,1.86,-0.79,4.85,3,3.56,4.57,0.55,-0.17,-2.9,-0.02,-0.93
195004,0.14,10.57,6.02,3.23,9.35,4.95,2.37,0.95,-0.36,5.52,-0.5,2.2
195005,2.07,6.44,4.66,8.8,7.36,0.59,1.97,1.83,3.16,3.96,4.74,0.24
195006,-5.69,-4.04,-6.42,-4.52,-6.77,-8.13,-4.28,-7.63,-4.42,-4.19,-7.62,-6.5
195007,0.44,-2.71,5.76,8.81,-3.52,-2.96,-1.33,-5.23,-0.96,-6.94,-6.02,12.15
195008,3.94,9.23,5.26,4.32,8.12,5,2.56,3.38,4.38,3.68,4.36,1.74
195009,4.88,8.79,5,3.53,3.86,4.77,-0.46,4.49,8.46,6.16,8.56,5.91
195010,-0.37,0.61,1.02,0.29,-0.71,-1.19,0.21,-0.73,0.84,-1.76,-1.1,-1.63
195011,0.02,-2.61,5.52,5.28,7.08,1.08,-0.24,-1.17,1.11,4.68,2.76,4.29
195012,2.83,1.5,6.94,8.68,5.84,4.46,1.89,3.59,2.76,6.06,4.49,13.03
195101,4.62,9.22,6.75,6.3,4.57,9.43,1.88,5.02,3.62,3.1,2.17,7.56
195102,0.96,2.8,0.41,0.96,2.5,1.04,4.11,3.11,3.12,1.46,2.2,-1.12
195103,-2.77,1.18,-3.72,-2.38,-1.92,-0.66,-1.1,-1.41,-2.1,1.7,0.54,-3.77
195104,0.95,3.42,6.17,10.81,7.7,3.13,0.85,0.21,0.39,10.41,3.9,3.71
195105,-1.27,-5.32,-3.25,-3.01,-0.53,-2.63,-0.41,-0.05,-1.32,1.57,-1.57,-3.75
195106,-3.58,-6.83,-5.33,1.09,-1.44,-1.51,-0.18,-0.39,-2.71,0.83,-0.14,-6.58
195107,3.13,3.1,8.54,11.37,8.19,5.54,2.8,5.31,2.83,14.46,5.91,7.87
195108,3.51,7,6.61,5.74,2.28,6.28,2.64,2.13,2.64,-1.43,4.14,3.23
195109,-0.41,2.66,1.56,-0.76,-1.24,2.39,-0.04,1.32,3.4,-1.82,1.2,4.32
195110,-3.12,-2.03,-2.38,1.17,-7.22,-5.87,-1.08,0.71,-3.11,-5.97,-2,-4.12
195111,-0.06,2.01,1.09,-0.79,-0.09,1.54,0.49,1.65,1.51,-0.48,3.18,1.75
195112,1.91,2.49,2.41,4.72,7.93,5.26,0.87,3.26,-0.27,5.14,6.25,0.84
195201,0.52,-1.17,1.46,6.6,-3.08,-1.71,0.18,3.09,-0.45,0.65,2.73,3.51
195202,-2.01,0.46,-4.12,-3.39,-3.18,-3.72,-0.63,0.7,-3.76,-4.25,-0.21,-2.02
195203,1.71,8.33,2.62,8.72,3.29,6.21,1.26,2.23,2.54,0.45,3.9,6.49
195204,-3.32,-3,-6.12,-7.65,-7.14,-3.43,-0.75,-1.8,-1.85,-5.5,-1.57,-4
195205,2.14,4.01,2.95,3.51,6.17,3.26,1.03,2.98,2.58,2.52,2.66,3.03
195206,2.87,5.24,4.53,5.45,3.77,6.61,2.06,1.09,3,-0.96,2.66,4.48
195207,0.58,2.53,2.8,-1.02,1.42,1.06,0.25,2.03,1.94,-4.38,2.51,0.67
195208,0.96,2.04,-1.7,-2.66,-1.55,-0.14,0.89,1.81,-0.3,-0.57,-1.18,0.22
195209,-2.83,-0.78,-2.28,-4.3,-1.68,1.24,-0.34,0.32,-0.77,-4.09,0.26,-1.91
195210,-0.88,1.2,-1.53,0.38,-1.85,-0.39,0.92,0.34,-1.09,-1.49,-3.31,-0.98
195211,6.02,6.52,7.92,2.07,9.75,9.62,4.07,5.08,4.54,7.22,7.8,7.1
195212,1.43,7.01,3.33,4.55,1.6,3.26,0.88,2.01,1.29,-1.95,4.1,3.62
195301,2.16,-0.36,0.92,-2.99,0.21,-2.63,1.03,0.92,0.83,-5.11,0.01,1.44
195302,1.74,-1.17,0.14,0.33,-2.53,0.3,-0.43,0.51,-0.15,2.06,-0.23,-0.22
195303,-1.74,-4.38,-2.61,-0.55,0.08,-0.91,-0.43,0.15,-0.48,-0.17,0.78,-2.17
195304,-0.13,-1.97,-2.12,-5.18,-3.3,-0.57,-1.04,-2.94,-0.8,-5.34,-4.56,-2.74
195305,0.24,-0.02,0.26,1.84,0.02,1.62,0.37,-0.14,1.52,-0.04,0.61,1.72
195306,-0.84,-3.33,-2.75,-0.08,-1.51,-2.22,0.5,-2.98,-2.19,-3.31,-2.96,-1.76
195307,2.72,0.72,2.32,3.93,2.98,2.39,0.94,3.43,1.97,3.66,1.33,1.47
195308,-3.5,-6.36,-6,-6.36,-2.82,-4.93,-0.84,-0.35,-2.34,0.05,-3,-8.06
195309,0.26,-0.82,0.95,-1.92,1.55,3.5,1.77,1.65,0.1,0.42,0.58,-1.52
195310,0.69,7.74,7.02,5.64,4.68,7.08,1.39,4.45,0.86,2.66,4.51,3.39
195311,0.35,0.49,3.63,1.99,4.68,5.68,2.26,3,3.34,7.98,4.15,2.28
195312,-0.62,-1.21,0.55,0.44,0.79,0.59,0.53,0.7,1.25,-1.34,0.24,-3.25
195401,4.17,5.28,6.87,8.64,1.22,6.83,1.89,3.3,3.31,5.65,4.19,7.6
195402,-0.3,1.71,1.75,2.8,-0.03,5.15,2.58,1.58,0.44,-0.19,1.57,1.53
195403,1.37,3.51,5.04,4.28,4.62,9.3,1.72,2.94,0.37,0.28,4.91,0.63
195404,0.98,4.09,5.13,6.15,6.51,9.81,1.96,1.26,1.53,1.2,5.38,1.9
195405,2.38,4.48,4.95,2.97,3.86,-1.26,1.23,2.64,2.85,1.61,1.46,5.59
195406,0.57,1.19,3.24,-5.86,3.95,10.97,0.54,1.29,2.49,-2.43,2.65,1.04
195407,6.39,9.84,6.9,4.23,2.16,-0.47,4.36,5.42,4.21,8.21,7.52,6.56
195408,-2.7,-3.36,-4.19,0.52,-2.95,-4.95,-1.43,-1.73,-0.22,-2.56,-0.36,-3.05
195409,3.88,14.47,6.16,10.01,7.08,6.79,2.49,2.01,4.84,2.82,3.23,4.78
195410,-2.22,-0.77,0.65,-1.98,-4.18,-1.56,-0.85,-3.81,-2.53,-1.62,-1.44,1.39
195411,6.09,4.46,13.75,8.04,14.16,12.1,3.43,5.67,8.4,12.56,10.66,11.35
195412,4.35,7.26,8.15,6.47,3.69,2.93,1.58,3.57,2.26,6.12,6.12,10.65
195501,0.3,0.54,1.47,0.41,-2.77,3.85,0.8,1.45,1.74,-2.88,0.14,1.16
195502,1.53,-1.03,3.96,2.42,4.5,4.54,3.99,3.65,1.31,2.85,1.99,4.42
195503,-0.84,0.05,1.25,-0.23,-1.18,-1.36,-0.19,-0.73,-1.4,6.09,1.14,0.86
195504,4.07,5.67,2.79,0.58,7.59,4.76,1.97,2.56,1.83,0.02,-1.45,5.22
195505,-0.27,-1.11,1.87,-0.62,4.94,-0.28,1.29,-0.14,3.02,3.15,2.37,1.39
195506,2.49,10.09,7.88,11.2,11.73,3.12,0.69,1.68,4.43,0.17,3.88,1.85
195507,2.06,19.6,-0.87,2.76,-1.77,-2.74,2.61,3.68,2.04,0.13,-0.81,-1.66
195508,-0.67,-4.27,3.42,-1.1,2.34,0.63,-2.44,0.05,1.62,0.15,0.81,0.49
195509,-1.58,9.24,0.41,-0.38,-2.61,-4.93,1.07,-2.63,3.42,-3.17,-3.94,-2.26
195510,-0.83,-4.98,-3.42,-0.99,-2.36,-5.58,-1.15,-0.97,-2.51,0.82,-1.12,-3.14
195511,3.5,9.24,8.34,8.58,7.27,10.76,1.63,3.4,6.01,6.29,3.77,9.93
195512,1.2,-4.06,3.04,3.7,2.27,5.9,0.86,-0.12,-0.76,6.23,2.15,-1.6
195601,-1.53,-6.74,-4.56,0.54,-4.58,-5.32,1.87,-0.34,-4.41,-6.5,-3.58,-2.47
195602,1.1,5.6,5.38,4.27,4.16,6.16,0.16,1.94,2.81,8.27,3.58,3.29
195603,1.76,3.74,8.87,11.44,5.61,11.04,1.43,3.78,0.43,7.26,5.67,5.73
195604,0.86,-5.14,2.17,3.62,-0.72,-0.68,-0.88,-2.17,-1.82,2.76,-0.01,1.2
195605,-3.25,-4.46,-6.26,-6.37,-5.94,-5.24,-1.06,-0.72,-4.55,-1.23,-5.36,-5.43
195606,0.66,7.02,5.03,2.74,3.87,7.44,1.28,2.36,2.2,3.6,1.53,1.57
195607,1.99,4.35,7.79,6,2.79,5.22,2.65,5.24,4.57,3.09,2.52,2.37
195608,-1.38,0.81,-2.8,-5.27,-3.38,-3.71,-1.39,-2.48,-2.61,-3.07,-2.76,-3.89
195609,-3.23,-1.21,-5.79,-5.81,-6.65,-6.82,-2.84,-3.86,-4.4,-3.68,-4.61,-4.32
195610,0.41,-1.01,1.38,0.54,0.6,3.28,-1.4,1.14,1.33,0.58,0.53,1.32
195611,-0.42,-3.44,0.64,5.31,-3.32,0.43,1.53,0.42,-2.13,-1.3,1.62,-0.29
195612,1.26,1.04,4.44,4.14,5.42,4.94,2.56,1.83,-0.42,6.06,1.41,2.25
195701,1.78,-6.21,-5.7,-4.12,-5.68,-6.6,2.9,2.63,-1.25,-2.27,1.49,-1.29
195702,-1.41,-1.85,-3.22,-2.27,-1.97,0.02,0.33,-0.29,-0.93,-0.35,-0.5,-3.34
195703,1.58,0.54,1.64,3.17,2.82,5.14,1.51,1.7,2,8.22,3.62,1.79
195704,1.39,7.95,3.25,6.94,5.16,8.1,0.44,3.18,0.19,5.43,5.49,2.23
195705,1.39,1.05,3.32,7.61,3.25,5.51,1.04,2.25,2.55,4.79,2.82,0.76
195706,-0.64,0.08,0.87,-1.74,-0.06,4.9,-2.09,-5.1,-1.91,6.46,-4.26,0.22
195707,0.92,3.64,-0.3,1,1.88,1.29,-0.24,0.04,2.89,2.6,-0.62,1.82
195708,-1.99,-3.09,-6.27,-5.74,-6.31,-6.91,-0.12,-2.58,-2.7,-2.98,-3.14,-6.35
195709,-1.14,-7.09,-7.27,-7.97,-6.19,-6.15,-2.22,-1.73,0.42,-3.04,-3.94,-7.78
195710,-2.12,-3.94,-5,-5.76,-3.36,-2.63,-2.1,-0.69,-3.93,-0.68,-5.57,-7.43
195711,3.36,-5.26,2.48,2.41,4.94,7,1.49,4.38,1.74,8.58,4.42,-1.43
195712,0.45,-7.89,-5.4,-6.98,-2.62,-3.79,1.26,2.56,-1.71,-0.48,-0.61,-6.16
195801,7.46,4.96,6.59,1.59,3.16,4,4.26,6.25,7.49,-0.41,8.59,12.26
195802,2.04,-1.44,-1.3,-4.6,-3.2,-1.81,0.66,1.27,1.41,4.95,1.33,-3.28
195803,4.19,2.95,2.45,7.92,0.04,2.6,1.17,1.97,4.08,8.17,3.27,2.12
195804,3.54,4.96,1.72,5.14,0.98,-0.46,2.7,5.08,2.99,6.55,2.07,5.76
195805,2.72,4.79,4.23,0.35,1.4,1.97,2.11,1.4,3.62,1.44,2.15,4.52
195806,2.65,2.62,2.21,4.95,3.1,3.24,1.66,2.2,2.14,3.55,2.95,2.83
195807,1.63,9.98,8.54,0.69,8.03,3.46,0.9,1.12,1.87,5.97,2,6.94
195808,2.93,0.02,2.56,1.92,2.13,2.03,2.41,-1.01,5.7,1.98,4.64,2.2
195809,4.26,10.04,5.4,3.28,3.02,6.12,5.04,3.47,4.02,11.72,-0.42,6.92
195810,2.5,2.28,3.78,1.33,1.49,4.76,1.46,4.28,1.22,1.05,3.68,3.79
195811,4.09,1.75,2.96,1.92,3.42,3.79,2.14,2.96,5.89,8.03,2.34,5.74
195812,2.67,2.75,5.14,1.25,5.38,14.36,13.28,5.94,5.72,4.61,4.29,2.52
195901,3.81,-1.08,1.15,0.51,-0.13,-2.47,3.91,1.24,3.49,-0.62,-2.69,4.36
195902,3,-1.94,3.14,-7.39,5.12,4.83,4.85,1.25,2.66,3.86,2.39,1.46
195903,0.3,-1.19,-1.14,2.14,1.79,2.57,-0.43,1.63,-1.66,4.25,-2.97,0.31
195904,3.01,9.38,3.74,1.72,6.41,7.37,4.63,-1.13,1.54,11.92,1.55,2.14
195905,1.33,5.18,2.75,-0.95,5.58,6.3,-1.04,-1.1,2.72,-1.07,0.74,0.58
195906,1.67,0.16,2.87,-2.72,-1.54,-1.68,-1.04,-2.23,2.26,6.59,2.63,0.9
195907,3.7,8.43,2.81,4.96,6.14,-0.72,0.6,3.83,2.12,4.73,1.23,-0.13
195908,-0.39,2.42,-1.51,-3.13,-2.83,-2.38,0.61,1.34,0.78,-3.57,-1.35,-2.56
195909,-3.22,-4.45,-4.82,-6.9,-5.18,-4.14,-0.96,-4.35,-2.12,-4.96,-4.8,-3.87
195910,3.79,-1.26,1.89,1.17,1.67,4.05,1.3,0.89,0.87,2.34,0.62,0.16
195911,1.25,-0.1,2.81,-0.41,2.4,8.62,-1.23,0.4,2.35,5.62,1.42,-1.28
195912,1.23,5.16,1.59,4.23,3.19,3.8,4.31,2.14,2.68,-1.67,0.51,2.79
196001,-3.36,-11.17,-8,-7.49,-9.58,-9.64,0.95,-2.07,-5.65,-6.38,-4.4,-4.56
196002,2.93,-2.2,1.24,-3.43,0.52,4.39,8.36,2.77,4.21,0.31,-0.67,0.26
196003,-1.41,-4.38,-3.57,-0.8,-2.15,1.08,0.14,1.75,0.1,1.61,0.38,-3.37
196004,1.53,-1.57,-2.55,-4.26,-4.78,0.51,-1.05,1.38,-0.23,1.65,-0.51,-1.39
196005,6.51,-0.68,4.43,-3.46,4.17,9.12,3.32,1.49,3.14,13.72,-0.27,0.46
196006,4.33,0.81,1.92,3.52,1.49,1.1,-0.34,5.77,3.84,-0.16,4.06,2.34
196007,-0.95,-0.6,-3.19,0.7,-5.93,-4.49,0.1,-1.07,-3.01,-3.86,0.23,-2.3
196008,4.51,3.48,1.86,4.1,1.75,0.67,7.11,4.4,3.13,2.46,3.85,2.74
196009,-3.43,-5.68,-7.41,-1,-6.9,-8.41,-5.91,-4.48,-8.39,-8.71,-5.72,-5.73
196010,1.67,-1.34,-1.94,2.43,-0.31,-2.32,0.14,-0.33,0.23,-3.49,-0.1,-1.17
196011,8.66,-0.66,5.04,3.4,5.11,6.77,4.19,3.73,6.92,4.04,7.85,6.1
196012,4.48,-0.41,3.97,5.3,2.85,3.82,12.45,6.35,2.26,6.22,5.65,3.47
196101,5.41,8.36,6.29,9.76,6.38,3.1,7.89,4.95,2.94,6.05,7.41,7.99
196102,6.61,3.98,5.71,0.73,2.73,3.15,0.75,3.63,4.96,5.2,7.09,4.95
196103,4.85,3.43,1.46,1.42,1.91,3.01,7.43,2.02,5.86,3.8,4.65,2.93
196104,-1.36,-1.71,-1.32,4.76,-0.71,0.14,0.8,1.85,0.59,-0.3,1.53,0.03
196105,3.68,1.3,3.9,0.15,4.75,3.8,-1.04,2.39,4.08,2.28,3.99,4.29
196106,-1.39,-1.53,-4.33,-4.02,-0.25,-3.16,-3.99,-1.87,0.54,-3.38,-2.64,-4.43
196107,2.85,6.15,1.84,2.28,3.02,2.44,6.43,2.88,2.45,3.5,3.63,-0.09
196108,5.11,1.37,1.72,0.19,3.88,4.88,0.21,3.81,3.25,3.86,8.82,3.07
196109,0.05,4.68,-4.62,-6.42,-4.02,0.82,-2.72,1.42,0.39,-1.23,-0.14,-2.89
196110,3.35,0.54,0.32,6.62,-0.21,2.9,0.2,5.31,9.05,3.66,2.17,2.41
196111,5.49,9.67,2.9,5.53,2.82,3.12,8.52,3.42,5.13,3.14,7.33,1.56
196112,-3.18,2.87,0.59,3.81,-0.54,-0.94,3.32,-4.2,-0.36,-1.99,-4.38,-0.11
196201,-6.16,-0.17,-3.01,0.08,-5.31,-4.59,-6.07,-2.59,-8.62,-4.78,-4.71,0.7
196202,0.25,-1.46,0.84,5.35,2.79,-0.4,4.11,2.63,1.64,3.75,3.83,0.4
196203,-1.1,0.41,0.16,-1.65,-1.42,0.06,-2.94,1.96,0.91,0.41,-1.82,-1.74
196204,-6.77,-5.17,-8.36,-3.62,-6.13,-12.38,-4.68,-2.78,-4.42,-11.33,-7.37,-6.89
196205,-11.28,-4.43,-8.64,-4.96,-8.34,-10.74,-7.13,-10.47,-9.09,-10.78,-9.78,-6.62
196206,-8.81,-6.07,-9.75,-4.85,-9.21,-11.8,-8.52,-5.09,-10.25,-12.89,-10.88,-8.08
196207,5.23,8.03,4.79,4.9,7.29,11.41,7.23,7.45,4.37,7.78,8.44,4
196208,0.9,3.83,1.91,1.83,3.87,3.02,1.58,3.17,4.3,-7.92,3.87,3.87
196209,-5.61,-2.2,-7.13,-1.77,-3.2,-9.35,-6.05,-2.83,-6.62,-4.05,-5.69,-5.8
196210,-3.28,2.46,-0.19,-0.29,4.28,0.01,2.77,-1.08,-1.35,2.47,-0.73,1.45
196211,12.09,6.73,13.83,10.71,12.08,14.8,7.16,7.59,11.15,17.59,14.11,15.21
196212,1.45,3.54,-1.72,4.69,0.85,-0.7,1.08,3.45,0.04,0.88,1.68,1.22
196301,5.94,7.6,6.15,2.68,4.62,6.11,4.13,5.26,4.13,5.66,3.63,6.3
196302,-3.03,-2.89,-1.75,-1.31,-3.76,-5.81,-1.09,-1.47,-0.68,-2.58,-0.23,-0.54
196303,2.56,7.09,2.3,6.98,3.75,2.96,1.94,1.8,2.01,1.18,2.37,3.32
196304,2.39,5.65,4.46,6.05,4.53,7.36,3.73,2.4,5.45,7.62,3.7,7.38
196305,1.89,8.03,2.89,-0.11,0.96,4.23,-0.64,1.03,2.62,-0.25,0.52,5.48
196306,-1.38,-3.24,-2.65,1.21,-2.81,-4.97,-1.94,-1.12,-1.39,-1.09,-1.01,-1.62
196307,-0.48,-0.07,-1.51,2.3,-1.14,-0.66,-0.25,0.81,-1.05,0.57,-0.66,-2.26
196308,4.87,6.54,6.76,3.94,4.98,5.11,4.28,4.2,6.42,9.56,4.37,6.22
196309,-1.69,-0.25,-0.83,-3.65,-0.84,0.37,2.36,-2.5,0.93,-4.07,-3.3,-3.09
196310,2.66,10.71,2.46,-0.33,2.76,8.36,3.43,-0.67,0.51,3.38,0.69,1.9
196311,-1.12,-5.17,-0.41,-1.15,1.82,-0.32,4.14,-1.02,-1.25,-1.65,-2.33,1.84
196312,2.81,0.6,0.91,4.66,4.03,2.98,-0.09,2.41,0.33,1.53,1.63,3.37
196401,0.8,1.22,2.49,4.85,3.1,2.99,3.32,1.4,2.52,3.7,-1.18,2.77
196402,1.86,1.64,3.11,1.08,1.98,1.91,-0.28,0.87,1.63,1.65,3.85,6.37
196403,3.08,1.08,4.22,1.4,2.61,3.42,-0.9,-0.74,2.43,-1.94,0.68,3.39
196404,-0.47,1.8,-1.79,4.04,-1.48,-3.79,0.83,1.05,2.88,-1.42,-1.02,1.1
196405,1.56,1.52,1.58,2.15,2.09,2.83,-0.39,0.84,3.91,0.52,-0.03,3.85
196406,1.6,0.77,1.39,0.67,-0.15,0.49,4.69,2.21,3.84,0.58,-1.18,2.78
196407,1.76,5.64,0.97,3.33,2.16,-1.94,-2.01,4.91,1.21,4.76,1.91,0.84
196408,-0.26,1.4,-0.85,-1.86,-2.09,-2.84,-1.56,-0.02,0.34,-4.22,-2.18,-3.65
196409,1.69,4.64,4.87,3.08,4.55,1.11,-1.03,1.88,3.48,2.74,2.51,4.85
196410,-0.19,0.08,0.17,3.07,0.95,-1.02,-0.89,0.96,2.31,2.86,-0.68,3.15
196411,0.71,-1.09,-1.55,2.54,1.5,-0.29,-2.22,1.37,3.24,2.17,-0.86,-2.09
196412,0.23,1.89,-1.36,-0.24,0.63,0,3.12,0.49,0.16,4.38,-1.23,-2.08
196501,6.06,3.81,5.5,0.51,5.13,7.59,0.25,3.96,3.06,7.66,2.7,5.87
196502,1.61,-0.51,3.35,-3.36,0.93,2.23,0.81,0.44,1.39,2.42,1.3,3.34
196503,-0.79,1.28,-0.19,-3.02,-2.97,-0.6,-1.68,-0.52,-0.82,-0.92,-0.28,-0.42
196504,4.2,6.78,5.03,0.86,1.98,5.22,2.33,0.66,6.81,2.97,2.61,2.13
196505,-0.79,-3.26,-0.79,0.87,0.08,0.4,2.76,-0.97,0.19,-1.25,-2.37,-1.02
196506,-5.13,-6.8,-6.44,-1.98,-5.82,-5.71,-4.17,-3.66,-6.21,-5.31,-4.93,-8.1
196507,1.58,2.29,2.85,1.8,0.26,3.71,-0.37,1.06,-1.4,3.95,1.15,4.71
196508,4.05,3.42,4.34,1.55,1.58,5.96,1.33,0.92,2.3,6.29,4.59,5.42
196509,0.48,7.11,4.06,4.37,3.35,5.26,1.1,1.39,-0.69,2.24,-0.16,2.91
196510,2.59,6.14,5.1,1.84,2.77,5.1,-2.27,1.05,0.31,3.23,1.1,5.9
196511,1.09,-3.78,2.57,0.71,-1.49,2.81,-4.31,-1,1.35,3.79,1.04,5.69
196512,1.27,1.47,3.64,0.18,2.23,-1.65,-0.84,-0.31,1.32,3.84,2,3.94
196601,1.92,0.61,4.13,1.04,-0.1,1.28,-1.3,-3.03,-4.35,2.74,0.54,7.53
196602,-0.48,-1.48,-0.31,-3.44,-1.96,5.19,0.48,-4.17,-1.84,-1.55,-2.08,3.99
196603,-2.65,-2.97,-1.17,-2.23,-3.46,-0.79,-4.84,-0.14,-2.08,-1.6,-4.07,-1.91
196604,0.38,0.16,3.92,3.14,0.07,7.59,1.27,1.19,3.07,-0.01,1.29,3.78
196605,-4.91,-8.37,-6.32,-3.76,-3.86,-6.02,-2.99,-2.73,-2.94,-5.27,-3.87,-9.42
196606,-1.8,-1.97,-0.19,-2.28,-3.21,-0.03,0.48,-1.78,-2.38,0.99,-2.13,1.87
196607,-1.18,-2.58,-1.96,0.4,-0.54,-1.74,-1.16,-0.18,-1.97,-1.71,-2.08,-1.88
196608,-7.17,-7.57,-8.02,-6.36,-7.4,-5.85,-4.6,-8.59,-6.39,-8.09,-8.84,-13.13
196609,-1.48,-0.97,-2.85,3.94,-5.59,-1.95,-0.56,4.36,-2.01,-1.15,-0.03,-2.74
196610,4.52,0.38,2.61,8.46,2.23,0.25,9.18,9.94,-1.36,4.87,10.42,-0.37
196611,2.31,-3.4,3.72,-1.14,0.02,11.1,-2.83,-1.36,0.7,6.9,3.04,10.5
196612,0.22,-2.63,1.56,-0.66,0.92,0.37,2.96,2.1,-4.18,-0.18,3.47,1.53
196701,9.42,11.8,11.47,3.58,10.42,10.15,6.24,2.84,11.78,6.45,9.03,13.42
196702,2.03,-1.08,1.56,-0.07,0.2,6.25,2.13,-1.72,3.25,1.4,0.22,-0.58
196703,4.45,3.85,6.03,3.61,5.26,5.37,2.97,1.53,2.34,7.86,1.26,5.89
196704,4.6,11.06,3.31,1.67,5.3,7.79,0.19,1.88,9.24,4.46,0.41,2.93
196705,-2.61,-7.28,-3.37,-2.42,-4.64,-4.35,-5.67,-4.11,-4.63,-5.28,-2.42,-1.92
196706,2.67,1.55,2.66,2.27,0.59,6.35,2.73,-1.31,3.84,5.41,3.75,3.37
196707,6.07,11.1,4.91,6.92,5.28,4.05,-6.58,2.33,6,3.79,6.92,8.3
196708,-0.84,0.18,-0.52,-1.45,-0.06,-0.98,-1.24,-0.65,0.51,0.65,2.13,-1.29
196709,3.1,4.97,2.72,4.24,4.44,8.41,1.23,-0.09,2.29,2.9,3.21,0.48
196710,-2.64,-4.9,-4.58,-0.97,-4.61,5.16,-3.51,-5.36,0.68,-5.02,-4.01,-5.6
196711,0.56,-0.95,1.4,0.76,-1.64,1.44,0.08,3.18,0.85,1.33,-1.46,0
196712,3.21,0.89,4.73,3.07,6.8,2.09,0.13,3.28,3.43,1.62,7.24,4.85
196801,-0.6,-5.21,-6.18,-0.9,-6.92,-8.85,2.67,0.2,1.13,-6.58,2.99,-3.91
196802,-2.66,-2.32,-4.6,-2.66,-3.35,-4.54,-2.41,-1.48,-0.84,-4.24,-2.99,-3.71
196803,0.75,0.65,0.91,0.75,0.63,4.34,-1.12,-3.93,2.84,0.11,0.97,-0.85
196804,11.1,11.69,11.37,5.68,8.49,12.4,2.21,2.49,12.22,11.89,11.43,12.23
196805,5.02,-0.33,4.25,1.25,-0.32,3.89,-0.72,0.44,3.51,3.35,6.76,5.98
196806,1.19,-1.4,-0.48,1.84,0.71,-2.02,4.17,8.44,0.45,2.23,7.83,0.77
196807,-3.91,-2.95,-4.55,5.28,-2.31,-5.54,-0.2,0.18,-5.18,-4.12,0.6,-4.46
196808,2.78,1.24,3.84,1.29,1.74,0.48,1.28,-0.87,2.25,0.68,5.52,1.56
196809,4.87,6.66,4.39,3.55,5.06,2.93,2.97,0.25,7.85,0.84,9.38,9.28
196810,0.83,4.65,0.52,2.58,2.36,-4.99,3.17,0.49,0.73,-0.04,2.84,0.23
196811,4.63,-0.09,5.94,5.66,5.26,8.67,5.4,8.8,5.09,8.11,6.42,8.32
196812,-1.02,-4.46,-3.04,-2.53,-4.22,-5.43,-6.66,-2.91,-4.12,-1.02,-6.05,-2.54
196901,-1.19,-1.77,-0.25,-1.14,-1.28,-4.74,1.17,2.43,-0.99,-0.23,-0.16,1.18
196902,-6.59,-3.47,-6.04,-4.6,-4.63,-3.57,-3.33,-5.21,-4.13,-5.16,-8.76,-8.17
196903,0.71,5.11,3.07,7.12,1.06,5.47,-0.42,-1.29,5.06,3.34,3.33,-0.43
196904,1.06,1.22,1.51,-0.36,0.62,4.05,7.73,1.33,3.77,4.98,2.89,1.24
196905,1.21,0.14,-1.36,3.76,0.97,-1.79,1.08,0.03,0.55,1.68,-1.36,-1.17
196906,-7.31,-5.99,-7.14,-9.89,-6.3,-0.02,-4,-5.73,-5.49,-5.04,-10.05,-10.99
196907,-6.85,-6.98,-6.16,-9.64,-3.11,-5.37,-4.5,-2.97,-8.44,-2.73,-8.64,-9.47
196908,4.95,2.74,4.15,6.59,4.38,7.01,1.66,-1.29,8.13,9.3,10.58,7.78
196909,0.32,-0.06,-1.45,-9.63,-4.04,0.23,-4,-4.14,-0.67,2.09,-0.72,-0.69
196910,8.31,3.86,6.73,-1.03,6.5,5.79,3.5,8.28,6.72,8.98,9.11,7.06
196911,-2.36,-4.43,-3.34,-4.53,-3.54,-1.82,1.18,-5.27,-4.16,0.32,-6.83,-4.44
196912,-1.94,-3.44,-1.4,-3.01,-1.49,-0.74,-5.51,-0.64,-3.01,4.3,-2.26,-4.99
197001,-4.24,-8.25,-7.82,-11.45,-5.44,-9.17,-2.57,-4.23,-5.88,-7.12,-9.18,-8.53
197002,4.68,5.57,5.68,5.38,3.36,2.94,7.96,8.36,5.23,5.6,11.44,7.86
197003,-0.78,4.87,-0.27,-0.45,-0.38,-2.59,2.29,2.91,-1.69,-5.08,-0.77,-2.91
197004,-10.12,-8.86,-9.78,-9.17,-6.24,-14.45,-8.79,-8.05,-11.08,-10.11,-12.78,-14.51
197005,-7.45,-6.45,-9.01,2.61,-2.97,-9.5,-3.75,-5.36,-9.45,-7.78,-8.37,-8.14
197006,-1.47,-4.15,-5.61,-2.47,-2.45,-11.89,-8.48,-4.7,-4.02,-0.51,-4.55,-8.95
197007,6.68,10.6,4.51,12.76,6.77,2.36,10.26,8.7,10.38,2.16,8.86,7.2
197008,1.45,8.22,4.86,6.54,3.94,8.06,2.51,4.67,5.34,1.8,5.01,5.24
197009,5.51,2.68,4.85,3.19,1.53,10.21,-0.95,-0.52,7.94,8.03,5.23,10.06
197010,0.7,-2,-3.67,2.96,-1.63,-3.5,-3.75,-0.82,-1.68,0.26,-7.24,-4.57
197011,4.84,6.96,3.55,4.93,4.88,4.09,6.12,9.39,6.87,2.96,5.95,1.88
197012,7.43,6.16,8,2.26,8.06,4.32,6.85,7.17,5.4,5.37,9.56,7.17
197101,4.86,3.87,6.08,0.34,5.23,5.37,9.77,2.93,8.3,4.94,5.2,10.47
197102,3.77,2.24,1.11,4.79,1.6,2.84,-5.3,-2.59,3.64,1.39,1.91,2.81
197103,4.44,3.43,4.24,2.76,3.8,8.03,0.71,2.41,6.83,3.68,7.17,4.81
197104,2.17,8.49,4.21,4.31,4.33,2.33,0.82,-3.54,4.96,4.23,2.32,6.36
197105,-3.02,-4.26,-2.72,-4.74,-0.92,-6.18,-5.21,-3.7,-1.78,-2.1,-5.4,-3.5
197106,-0.13,-0.66,-0.33,1.03,2.33,-2.15,1.04,4.3,0.35,2.02,0.06,-2.46
197107,-2.13,-5.55,-5.01,-2.13,-4.39,-8.71,-3.61,-2.13,-3.5,-2.25,-1.85,-5.97
197108,3.1,10.56,6.43,-1.2,6.21,5.65,-0.32,-2.32,6.19,3.27,6.69,7.39
197109,-0.07,-0.07,-0.66,-1.64,0.61,-1.56,0.23,-1.5,0.73,0.66,-0.28,-0.58
197110,-4.32,-5.2,-6.52,-4.28,-4.7,-4.32,-1.74,2.05,-3.44,-2.5,-2.3,-6.29
197111,-0.35,0.33,-1.02,0.06,-0.91,1.84,0.38,-1.21,0.24,0.58,1.17,-1.83
197112,10.53,6.13,10.88,8.84,7.28,11.21,7.36,8.1,10.16,7.9,5.85,10.92
197201,2.5,3.23,3.06,0.16,3.7,8.41,0.94,-0.3,0.44,2.6,0.77,6.19
197202,4.64,0.84,5.1,2.61,4.84,1.72,0.16,-2.5,5.65,7.13,0.02,4.59
197203,0.09,4.23,2.65,-5.46,2.14,1.03,-0.32,-0.15,1.98,0.46,5.19,-0.54
197204,1.92,-0.53,1.96,-0.69,1.99,0.76,-1.05,-2.81,-0.56,1.08,2.59,1
197205,0.41,-1,1.63,3.65,2.65,3.75,1.19,-0.17,1.58,3.52,-1.88,0.71
197206,-1.14,-2.88,-1.81,-0.91,-3.43,-2.55,-2.74,-1.55,-4.03,2.51,-3.82,-5.27
197207,-1.58,-2.13,0.26,-1.07,1.1,0.98,0.75,0.04,-2.46,3.13,-1.07,-5.06
197208,-0.11,3.78,1.26,12.38,4.98,2.89,5.16,5.96,-0.41,1.05,6.09,0.67
197209,-2.62,-0.89,-0.86,-0.24,-2.18,-1.13,4.31,0.19,-0.5,-0.44,-0.2,-3.63
197210,0,-2.44,0.69,3.1,2.22,-3.34,2.3,6.75,0.88,1.51,1.64,0.48
197211,6.88,7.93,4.26,6.19,3.93,2.53,7.1,6.4,6.02,-0.56,4.71,5.7
197212,0.53,1.64,0.29,1.05,2.54,2.01,1.45,-1.54,1.73,3.74,-0.78,-0.64
197301,-4.75,-6.7,-4.15,5.03,-2.62,2.11,-2.12,-4.28,-4.09,-1.19,-7.5,-7.37
197302,-4.36,-5.85,-2.78,-7.35,-1.08,-2.99,-4.62,-1.97,-6.45,-0.71,-6.12,-5.98
197303,-1.06,-2.82,-0.31,3.05,-0.07,-1.15,0.54,-2.15,-5.64,0.78,-0.38,-0.1
197304,-6.19,-5.19,-4.97,-0.98,-3.33,-6.48,0.88,-0.6,-8.5,-5.49,-8,-7.42
197305,-2.12,-4.19,-0.83,-3.53,-1.81,-2.66,-0.82,0.36,-2.21,1.07,-3.24,-7.2
197306,-3.43,-2.53,-0.18,1.63,-0.71,-0.09,-0.32,-2.49,-5.75,0,2.53,-3.96
197307,7.44,7.27,6.72,0.3,6.49,4.84,-0.32,-2.39,11.16,6.87,9.03,10.15
197308,-3.33,-3.95,-0.41,-3.79,-4.04,-3.76,-3.91,-2.1,-4.16,-6.89,-2.32,-2.29
197309,5.9,7.81,4.42,9.21,5.18,-3.17,7.65,7.9,7.2,0.78,7.37,7.1
197310,-2.25,-4.34,0.33,5.17,0.45,4.19,-5.54,-3.39,-3.66,1.83,-1.78,-0.21
197311,-14.31,-16.1,-13.93,-6.19,-15.01,-11.42,-1.9,-11.6,-18.92,-7.75,-12.35,-14.58
197312,-1.55,-3.76,1.7,8.67,0.24,-4.44,4.55,3.42,-0.22,-4.47,2.16,2.82
197401,2.43,6.09,0.41,-7.46,0.57,1.1,2,4.55,6.71,-2.56,0.3,2.04
197402,0.07,-1.08,0.21,-1.55,-0.42,-0.66,4.75,0.29,0.8,-1.23,0.59,1.44
197403,-1.89,-0.09,-1.75,-3.24,1.77,-2.69,-4.59,-3.64,-3.12,1.22,-4.12,-3.13
197404,-3.69,-4.09,-2.89,-6.31,0.13,-3.62,-5.31,-12.19,-1.97,-1.48,-6.84,-5.91
197405,-2.88,0.42,-4.23,-7.47,1.28,-3.89,-1.52,-4.9,1.21,-0.11,-10.08,-6.83
197406,-0.56,-2.63,-1.01,-0.3,0.91,-2.91,0.3,-6.18,-2.72,-1.61,-6.81,-4.27
197407,-10.15,-11.86,-7.36,-0.52,-6.75,-8.22,-7.63,0.77,-12.81,-14.15,-7.2,-6.03
197408,-10.16,-6.62,-9.51,-8.56,-11.6,-4.71,-0.01,-8.62,-13.05,-8.04,-11.75,-9.56
197409,-12.18,-12.92,-13.41,-7.95,-11.58,-16.97,-3.8,-1.31,-12.28,-15.56,-7.12,-11.95
197410,15.66,4.48,14.23,20.78,20.19,14.71,10.85,13.01,10.01,29.58,21.01,19.37
197411,-3.85,-4.69,-5.5,-4.24,-6.67,-5.06,-3.09,-0.13,-5.74,-1.22,-2.11,-3.44
197412,-0.56,-4.08,-5.01,0.83,-3.25,-5.22,1.57,-0.81,-3.36,-3.32,-2.68,-6.05
197501,18.71,21.5,16.24,6.77,10.93,15.2,11.09,18.8,25.92,-0.74,17.27,18.54
197502,4.04,4.93,7.9,2.26,8.23,13.21,5.16,0.9,5.16,16.04,0.27,5.61
197503,7.14,6.62,5.2,-2.32,4.65,1.02,-0.86,-1.32,10.76,1.29,2.53,5.7
197504,3.01,4.12,8.59,7.25,11.61,5.61,-0.96,-1.61,2.59,0.65,1.34,5.09
197505,5.22,2.57,3.04,12.35,2.1,6.06,3.52,8.52,4,6.52,6.4,5.1
197506,5.25,10.23,3.72,6.25,3.43,2.05,4.04,10.71,7.45,0.95,6.35,5.61
197507,-5.38,-2.03,-6.07,-4.24,-5.58,-9.46,-4.21,-4.78,-7.46,-12.03,-7.33,-5.02
197508,-3.14,-3.47,-0.9,-0.89,-0.72,-2.86,-3.56,-1.24,-0.39,-3.32,-6.14,-4.24
197509,-2.44,-2.46,-5.18,-1.16,-7.09,-0.8,-1.26,-0.99,-3.49,-6.53,-7.51,-5.19
197510,10.59,8.82,4.83,-1.33,7.51,8.5,6.82,6.58,9.92,10.68,5.03,2.91
197511,4.09,3.35,3.06,-1.64,2.98,5.03,4.26,3.15,4.66,5.13,4.85,2.4
197512,-1.51,-0.44,-1.07,0.09,-1.92,-1.2,-0.11,1.34,-3.04,-6.36,-0.43,-0.11
197601,10.92,15.62,17.28,8.46,16.06,18.15,9.49,8.3,8.98,7.73,12.21,13.66
197602,-1.07,3.88,2.42,-3.11,0.29,1.08,3.57,-3.52,4.68,-6.53,1.91,4.24
197603,0.73,3.53,2.27,7.22,-1.46,3.05,0.58,1.44,3.46,6.53,3.26,0.82
197604,-1.67,1.84,-1.81,2.15,-0.49,-3.47,1.72,0.63,-4.67,-4.3,-2.62,-0.58
197605,-2.15,-3.11,-0.81,5.51,-2.14,0.49,-2.94,-1.46,-5.77,-2.81,-2.17,-1.31
197606,3.62,4.22,4.43,5.09,2.07,8.22,3.58,4.25,1.52,3.67,6.47,4.46
197607,1.48,-1.06,-2.02,-0.62,-1.43,-2.23,1.25,2.82,-2.33,-0.38,1.17,-1.32
197608,-0.31,-1.44,-1.38,-0.86,-2.35,-0.84,4.74,2.96,2.89,2.17,-0.14,-2.19
197609,1.55,4.49,1.37,5.91,0.45,2.9,1.59,4.08,0.43,3.62,0.53,1.3
197610,-1.62,-1.15,-3.67,-2.42,-2.4,-4.46,1.29,-0.81,-0.89,-3.74,0.63,-1.57
197611,1.74,-0.71,1.09,0.82,-3.69,1.59,3.14,3.14,4.84,-9.71,1.73,2.47
197612,5.22,9.67,5.11,6.33,7.74,3.73,3.44,6.49,2.33,6.26,8.92,7.85
197701,-4.09,-4.2,-5.77,0.29,-6.5,-3.92,0.11,0.84,-7.15,-8.84,-4.59,-3.69
197702,-1.39,-3.49,-0.48,-3.01,-0.94,-0.67,0.99,-3.4,-1.83,-0.21,-1.62,-1.82
197703,-1.39,-3.34,-0.1,-2.08,-0.83,-0.09,-1.03,0.19,-2.76,-1.79,-0.52,0.39
197704,0.53,3.16,1.1,2.53,-0.61,-3.61,0.66,1.94,-3.43,-5.21,2.34,1.92
197705,-0.94,-0.49,-2.82,-0.41,-3.3,-1.47,1.44,1.68,-2.76,-1.88,-0.59,-1.16
197706,4.53,4.29,3.77,6.09,2.59,7.81,1.93,5.7,6.06,9.03,6,4.51
197707,1.22,-2.44,-4.13,-1.8,-2.39,-0.07,-0.86,0.87,-0.18,-2.24,0.43,-1.42
197708,0.11,-0.85,-1.45,-5.77,-0.86,0.6,-2.26,-3.23,4.62,3.83,-1.18,-1.28
197709,0.25,1.55,-1.22,0.73,-0.32,-1.85,3.48,2.01,-0.71,-0.89,-0.03,-0.13
197710,-3.35,-4.46,-4.96,-3.55,-3.62,-3.23,-5.05,-3.14,-3.17,-1.75,-4.85,-3.95
197711,4.59,1.95,4.65,3.45,3.57,5.25,2.18,4.28,5.58,6.08,5.89,7.28
197712,0,-0.75,0.75,1.89,0.82,2.34,2.15,-0.33,-1.25,0.62,-0.1,1.48
197801,-5.3,-6.86,-5.87,-6.93,-6.54,-4.67,-4.16,-4.53,-6.84,-1.92,-6.04,-4.47
197802,0.12,0.39,-2.06,-1.08,-3.97,-3.47,4.13,-0.41,-0.43,-3,0.08,-0.42
197803,4.17,6.09,4.37,2.06,2.73,-0.69,2.62,2.47,2.86,4.17,5.15,5.8
197804,6.92,9.62,11.56,6.71,11.2,13.35,2.93,0.18,10.84,9.25,10.03,8.59
197805,4.22,0.2,5.23,0.89,1.29,1.64,-0.39,0.71,1.25,5.17,1.32,4.15
197806,-0.26,-2.81,-1.37,-3.74,-1.63,-0.4,-1.53,0.84,-1.97,1.14,-0.51,-0.1
197807,3.53,4.71,8.8,3.34,5.16,8.69,1.42,2.83,5.14,8.86,5.21,8.31
197808,4.14,2.98,3.98,5.09,3.77,6.07,3.55,0.46,5.71,0.99,5.6,7.29
197809,-0.38,-0.5,-2.31,4.77,-1.44,-4.23,1.22,-0.24,-2.66,-2.75,-0.87,-1.73
197810,-11.58,-11.17,-12.22,-10.61,-8.97,-10.74,-4.47,-7.07,-14.14,-12.84,-11.45,-17.18
197811,2.14,0.73,3.26,6.17,1.76,5.16,2.99,3,2.59,5.19,1.76,3.49
197812,1.7,-0.61,1.66,2.81,0.86,6.52,0.09,-1.23,-0.6,3.41,1.41,1.14
197901,4.2,5.08,7.24,3.12,4.63,4.25,3.66,6.36,5.75,1.42,5.3,7.07
197902,-3.51,-3.59,-4.72,0.63,-3.82,-3.33,-0.63,-1.63,-4.42,-4.52,-3.37,-3.1
197903,4.13,6.61,7.54,9.36,6.97,7.54,0.16,2.33,6.15,5.04,7.45,9.06
197904,0.2,2.95,-0.33,4.33,-0.89,0.36,-2.15,-2.74,0.87,0.43,1.44,1.6
197905,-1.77,-0.71,-2.06,-2.43,-2.94,-1.95,0.1,1.43,-2.43,-2.64,0.16,-0.86
197906,3.31,3.01,3.91,9.26,2.38,0.42,1.92,4.97,2.86,4.83,8.72,4.98
197907,2.03,2.06,1.81,1.58,2.83,-1.72,-0.11,2.08,1.18,0.15,3.26,3.39
197908,7.55,4.7,7.62,7.89,7.78,6,1.53,2.04,8.89,8.56,5.08,6.74
197909,-1.87,0.42,-1.34,5.92,0.89,-1.73,-2.39,-2.17,-0.76,-0.55,-1.12,-0.17
197910,-7.66,-9.4,-9.08,-2.55,-8.1,-7.75,-5.05,-5.8,-8.9,-4.34,-10.09,-10.28
197911,5.14,-2.2,4.51,8.9,5.37,8.18,4.02,7.74,3.84,8.77,6.35,7.85
197912,3.38,3.37,4.63,2.48,4.06,1.69,-1.53,-0.99,3.07,2.08,1.79,7.02
198001,3.12,9.09,8.82,14.22,2.22,7.5,-2.06,1.56,1.31,-1.29,2.11,9.43
198002,-4.85,-6.3,-2.76,12.94,-1.77,-3.59,-1.48,-3.39,-4.85,-4.63,-5.07,-1.65
198003,-8.13,-8.79,-12.36,-17.89,-10.12,-12.66,-2.62,-6.59,-8.64,-2.82,-8.92,-15.66
198004,6.49,-1.77,2.37,6.86,5.58,0.56,7.32,12,3.36,4.29,6.81,5.26
198005,7.94,4.33,5.62,4.09,7.76,4.8,5,4.59,10.73,6.96,7.87,8.4
198006,2.99,2.79,2.81,5.83,1.07,3.08,-0.58,4.54,2.41,0.22,4.87,5.35
198007,7.76,11.74,11.49,2.01,9.33,15.42,1,-0.1,10.83,8.88,3.25,11.3
198008,1.43,1.49,1.48,3.66,1.97,3.62,6.3,-1.17,1.86,0.27,1.87,3.69
198009,0.27,0.98,3.69,6.52,0.83,1.88,-1.61,0.15,1.28,3.62,2.62,5.07
198010,0.29,-1.72,1.24,7.74,-1.46,1.78,-3.25,1.94,-1.15,-1.24,0.1,3.32
198011,0.91,4.92,8.81,24.29,7.25,9.92,0,7.38,2.6,8.86,5.61,9.83
198012,1.01,-1.09,-2.54,-10.59,-0.98,-1,0.83,-1.95,-1.37,4.59,3.12,-3.02
198101,2.01,-2.24,-2.8,-10.15,0.31,-8.25,5.54,-2.57,0.47,-1.61,-2.51,-3.94
198102,2.48,6.44,4.26,-0.44,4.74,0.31,2.15,-1.27,2.7,1.85,1.96,1.44
198103,6.92,6.99,7.28,-2.26,2.41,5.05,1.17,2.98,12.72,5.9,6.9,9.96
198104,1.16,1.88,-0.76,-7.54,-1.18,-0.01,6.21,-2.68,3.1,3.03,0.64,1.17
198105,2.66,2.86,-0.09,-3.87,-1.07,4.32,7.14,1.82,2.82,3.44,2.75,2.91
198106,-0.21,-4.28,-2.46,4.7,1.7,-6.75,-1.92,3.44,-1.42,-5.58,1.69,-4.53
198107,-0.64,-2.91,-2.64,7.93,-3.76,-3.63,0.37,2.8,-3.4,-3.9,-3.09,-2.33
198108,-5.07,-7.9,-7.3,-6.28,-5.67,-7.29,-0.81,-0.83,-5.6,-7.73,-5.17,-6.01
198109,-2.18,-2.97,-7.43,-12.28,-6.6,-3.64,2.84,-5.53,-3.64,-1.28,-2.52,-9.1
198110,7.41,-4.15,2.91,9.92,5.8,5.14,6.02,4.88,6.77,7.95,7.45,6.86
198111,2.65,4.85,4.93,6.9,3.49,1.4,2.7,5.92,1.07,3.92,5.68,4.2
198112,-1.81,0.48,-1.31,-6.54,-2.46,-0.06,-1.45,-2.33,-1.94,-0.73,-3.86,-3.65
198201,-0.92,1.17,-3.87,-8.46,-1.8,2.94,0.68,-0.67,0.12,1.43,-2.17,-4.65
198202,-1.97,-2.04,-5.47,-11.09,-6.05,-5.2,-5.68,-0.36,-1.36,-1.8,-2.91,-5.33
198203,2.45,3.49,-1.96,-3.65,-1.11,-3.7,2.05,1.66,4.22,-2.55,-1.05,-1.7
198204,6.67,4.44,2.61,4.34,4.96,7.52,-0.18,3.84,5.41,7.39,3.28,4.3
198205,-3.26,-1.93,-5.02,2.31,-3.92,-5.35,-1.02,-0.52,-2.72,-3.03,-5.52,-5.48
198206,1.67,2.65,-2.11,-6.25,-3.67,-2.38,-2.45,-2.21,2.67,-0.75,-2.53,-2.34
198207,-0.46,-0.33,-2.2,-7.91,-2.7,1.68,1.2,-2.57,0.21,0.79,-3.03,-3.03
198208,9.17,13.74,13.76,9.69,14.37,12.87,10.84,12,12.58,12.37,11.46,11.15
198209,5.25,-0.73,-1.38,1.77,-0.21,1.13,0.99,1.06,4.75,1.36,6.01,1.14
198210,10.58,16.55,13.45,5.58,12.12,17.07,8.12,4.73,16.87,8.2,15.2,16.65
198211,5.17,8.24,6.2,-4.4,4.72,10.72,5.95,0.16,11.18,5.2,6.6,9.52
198212,0.97,3.03,1.8,5.54,-1.81,2.66,-1.23,4.32,-2.09,0.58,-2.35,0.25
198301,-1.01,5.17,4.32,3.62,6.93,8.36,12.44,3.67,1.29,1.42,0.48,6.56
198302,3.8,3.63,4.35,-0.59,3.21,3.67,-0.36,1.59,7.9,2.84,5.43,3.32
198303,7.47,-1.14,1.88,5.97,2.59,0.67,0.64,0.27,8.51,4.52,6.82,2.12
198304,6.19,10.88,5.78,9.38,7.65,7.53,5.14,4.76,8.57,5.05,9.15,6.99
198305,-0.95,-2.07,2.36,1.35,1.28,2.71,-1.31,2.6,0.48,-2.73,0.63,5.32
198306,3,10.41,1.55,6.41,1.63,6.2,0.17,-0.54,6.11,6.91,0.34,3.8
198307,-2.65,-3.9,-2.86,-2.26,-1.94,-5.35,-5.17,1.03,-3.27,-5.68,-2.85,-5
198308,0.71,-2.38,-1.06,6.83,4.68,-1.03,2.2,1.52,-4.73,-1.01,0.88,-3.56
198309,4.66,4.39,2.97,-4.63,0.65,2.16,2.26,4.66,2.18,1.3,1.95,0.91
198310,-0.21,0.04,-2.39,-2.05,-2.01,-6.98,-5.2,3.07,-1.76,-2.18,-3.01,-5.95
198311,2.3,4.23,7.85,-0.43,3.23,2.2,3.17,-1.61,4.46,-3.01,3.98,5.98
198312,-0.48,0.92,-0.3,2.1,-3.08,0.44,-1.54,-3.69,-4.71,-3.58,-0.75,-1.19
198401,-0.7,-5.38,-3.34,10.11,-4.13,-6.25,4.09,1.45,-5.88,-0.62,-0.47,-3.51
198402,-5.72,-6.09,-6.73,3.87,-6.28,-5.89,-3.68,-3.33,-4.45,-2.02,-4.59,-5.56
198403,1.62,0.35,2.55,0.26,5.34,1.72,-4.24,-0.29,1.21,-0.67,2.06,3.09
198404,0.57,1.32,-0.61,3.98,1.08,-0.38,2.18,-0.48,0.31,2.32,-1.16,-3.6
198405,-2.41,-5.77,-6.12,-5.04,-5.14,-5.45,-3.5,-0.8,-5.16,-6.45,-7.39,-5.98
198406,6.33,2.11,3.79,-2.18,1.85,1.65,12.28,0.45,7.42,3.86,2.29,2.16
198407,-1.61,2.53,-1.29,-7.46,-1.95,-2.36,2.81,-0.01,0.12,-3.76,-0.68,-4.44
198408,8.71,10.01,12.04,13.97,11.53,13.91,6.72,7.76,9.87,10.43,11.04,11.65
198409,1.26,-0.2,-2.62,2.24,-2.39,-4.03,2.9,4.82,0.09,-4.42,3.22,-0.17
198410,1.38,2.15,0.82,-4.47,-0.11,-0.44,-0.81,3.34,-0.74,1.65,1.19,-0.45
198411,0.38,-3.02,-1.52,-1.02,-0.83,-3.89,-0.24,3.06,-2.92,-0.08,0.34,-1.87
198412,2.5,4.61,2.47,-0.54,1.31,2.6,5.1,2.63,0.77,2.74,4.5,1.83
198501,4.9,9.84,9.58,6.54,5.81,12.55,5.85,2.39,13.19,8.31,8.89,12.24
198502,5.08,-1.57,1.05,3.87,1.91,-1.38,2.69,1.38,2.1,3.59,2.17,2.13
198503,4.63,-5.26,-3.43,1.45,-1.39,-5.95,5.47,6.1,-0.61,3.07,0.09,-0.85
198504,-2.12,-3.45,-2.03,3.81,-0.11,-3.73,0.9,1.61,0.09,-1.76,2.54,-1.19
198505,8,5.93,5.72,0.75,6.95,2.78,6.63,5.45,9.62,9.45,6.24,6.54
198506,2.76,1.5,1.37,-0.76,1.91,-0.74,4.09,3.63,1.61,2.29,2.98,2.82
198507,-2.62,2.39,3.34,-0.59,3.39,4.52,-4.55,-4.7,-3.98,-0.47,-1.36,3.09
198508,0.74,-2.64,-1.25,1.55,-0.88,-2.62,0.54,1.91,-0.61,-0.82,-0.4,-0.65
198509,-0.64,-3.28,-4.35,-1.3,-3.09,-4.68,-4.18,-5.35,-4.34,-3.92,-4.45,-6.36
198510,3.6,0.85,1.82,5.95,6.82,2.98,4.08,6.32,6.86,3.18,7.67,3.07
198511,8.56,9.94,8.55,0.34,6.52,8.53,7.42,4.24,7.99,9.74,7.64,7.08
198512,5.45,7.18,4.06,-2.75,5.69,8.29,6.15,4.85,4.55,3.52,4.98,3.23
198601,1.79,2.15,2.18,-6.76,0.27,-0.37,-3.97,3.78,1.64,1.06,3.51,3.68
198602,10.82,10.9,9.76,0.8,11.24,4.92,7.4,6.57,7.81,6.13,8.66,7.54
198603,8.11,7.86,6,0.95,5.97,-0.23,3.85,3.96,8.57,12.05,5.86,5.56
198604,0.42,-3.51,-2.84,0.76,0.93,3.92,2.44,-3.97,0.4,0.7,-3.29,-0.39
198605,8.88,3.15,3.68,7.33,6.07,0.82,4.85,3.63,9.85,7.29,5.01,3.78
198606,6.3,-1.29,-0.77,-2.05,1.41,-4,5.38,5.04,3.84,5.64,1.96,0.23
198607,-5.74,-9.09,-7.94,-5.11,-6.5,-8.24,-3,5.15,-9.54,-5.35,-5.46,-9.76
198608,2.58,7.49,7.15,16.64,4.77,7.03,6.83,7.9,1.67,4,7.04,6.1
198609,-10.84,-8.15,-6.38,-0.88,-6.9,-7.11,-9.42,-9.09,-8.44,-12.59,-10.33,-3.82
198610,8.9,6.47,5.74,1.91,8.47,0.48,4.63,5.25,7.36,7.99,3.47,6.66
198611,0.72,4.85,2.14,3.23,3.27,3.61,3.98,0.55,1.76,1.35,-0.94,0.14
198612,-3.22,-2.22,-1.69,-0.45,-2.51,-3.77,-3.7,-3.29,-6.25,-1.23,-2.31,-3.18
198701,14.56,18.71,14.24,14.16,14.83,16.61,5.3,9.3,11.8,13.16,10.44,13.28
198702,5.61,3.46,4.82,-1.72,4.75,9.52,0.03,-2.14,9.8,11.26,3.95,6.99
198703,1.14,4.65,2.8,11.82,4.92,2.71,1.4,-1.67,1.7,0.15,-1.47,3.09
198704,-3.68,4.04,-2.1,0.12,-0.48,4.43,-2.45,-4.33,-2.7,-2.45,-4.96,-1.51
198705,2.64,-1.49,0.06,3.06,1.05,0.27,3.34,-1.84,-0.06,1.25,-0.78,2.04
198706,6.78,2.88,5.07,6,5.35,-0.08,7.04,3.4,6.26,4.78,4.96,3.75
198707,5.73,6.98,8.35,3.19,4.43,0.89,5.84,-1.67,5.74,5.78,1.9,7.36
198708,3.68,5.69,2.72,1.92,3.06,7.6,5.15,3.7,3.34,2.21,5.81,1.06
198709,-2.82,-3.97,0.76,-3.86,-0.66,-2.82,3.3,-2.31,-6.38,-2.57,-2.28,-0.65
198710,-21.02,-26.92,-28.58,-18.45,-24.58,-25.79,-12.26,-6.92,-28.07,-20.45,-21.24,-29.29
198711,-8.03,-8.51,-4.45,-10.56,-6.65,-9.91,-8.89,-2.51,-8.46,-9.3,-7.17,-5.22
198712,7.57,8.6,10.2,6.76,12.49,11.82,3.92,0.55,8.54,5.36,3.58,10.01
198801,3.02,4.43,0.64,8.42,-0.64,-2.51,9.98,9.77,5.61,6.37,8.85,0.45
198802,6.04,6.28,8.5,3.58,6.08,7.43,1.24,-1.42,10.26,4.19,3.05,7.57
198803,-1.53,-4.2,-0.65,2.62,-2.8,-4.81,-3.97,-3.18,-1.13,-2.56,-2.6,1.7
198804,-0.15,2.93,1.86,4.62,1.08,2.69,0.72,-0.29,1.6,-2,-0.46,-0.23
198805,-0.29,1.24,-0.06,-0.42,-1.21,-1.38,2.34,3.58,-1.41,-0.25,1.99,-1.44
198806,3.4,8.27,7.87,-2.08,6.92,9.54,2.89,3.22,6.56,2.67,5.53,7.19
198807,1.67,-0.84,-1.94,3.59,-3.34,-5.13,0.16,-0.22,-0.83,0.55,0.23,-2.09
198808,-0.15,-6.66,-4.73,-1.48,-3.67,-8.21,-2.9,-0.12,-2.61,-1.06,-0.05,-2.39
198809,6.54,3.91,3.65,-2.48,2.91,2.86,7.06,2.67,8.29,3.8,3.92,4.47
198810,8.07,3.35,0.64,1.89,0.97,-0.02,2.96,2.52,1.6,1.2,-0.19,0.38
198811,-1.16,-0.96,-1.95,-0.3,-2.69,-3.13,0.05,-0.48,-2.77,-2.15,-2.61,-1.4
198812,3.52,0.3,2.42,1.84,4.84,4.89,1.25,1.04,1.58,1.81,-0.13,2.78
198901,5.65,7.6,6.67,6.26,9.47,7.13,8.34,2.74,6.27,6.79,6.75,6.98
198902,-1.44,-2.96,-2.05,-1.29,-2.23,-3.76,-1.37,-1.82,-1.85,-1.16,-0.39,-0.67
198903,5.52,-1.35,0.53,3.89,2.77,-5.53,5.21,0.54,2.76,4.93,4.78,1.41
198904,5.67,0.49,5.54,2.49,5.04,5.17,9.68,3.94,5.54,5.42,3.82,6.01
198905,5.32,2.31,4.27,2.67,2.12,2.47,5.88,5.37,5.34,3.41,4.05,4.56
198906,1.5,1.3,-3.17,-1.01,-1.52,-3.3,0.19,3.38,-2.16,-2.75,0.9,0.58
198907,11.97,5.23,7.81,3.78,7.18,2.97,9.09,5.8,9.16,13.9,8.1,8.2
198908,-1.97,5.17,3.38,3.52,6.85,2.56,0.8,-0.8,2.58,0.39,1.99,5.4
198909,-0.58,-4.5,-2.21,1.35,-3.49,-2.77,4.03,0.48,-2.33,2.42,2.1,0.18
198910,-2.45,-5.71,-4.64,0.75,-3.74,-4.57,-1.96,1,-4.04,0.38,-4.09,-6.15
198911,1.68,-1.09,3.35,3.98,2.4,-1.8,2.11,3.23,1.25,4.57,-0.52,0.72
198912,1.38,-1.45,2.31,6.01,4.59,-1.09,5.84,4.79,1.18,1.04,-2.5,0.03
199001,-9.47,-3.87,-5.64,-4.29,-8.01,-1.25,-13.03,-5.34,-6.38,-7.31,-9.77,-7.6
199002,-0.54,5.04,2.73,3.11,2.13,4.03,-0.26,0.21,1.91,-2.08,2.32,2.93
199003,4.64,2.88,4.56,-0.57,2.23,4.48,4.25,-0.75,5.13,3.84,-1.6,1.78
199004,-0.18,-4.06,-3,-3.56,-2.16,-2.05,-3.27,-5.5,-2.06,0.3,-4.19,-2.09
199005,9.07,7.72,7.74,6.02,8.97,12.6,9.2,5.43,11.58,12.8,9.29,8.99
199006,2.08,-2.19,-0.61,-2.04,-0.56,-1.24,-4.73,0.75,1.54,4.42,-1.88,-1.37
199007,-0.81,-3.43,-0.08,8.28,0.79,-7.58,-4.41,0.89,-4.11,2.58,-4.7,-1.5
199008,-7.36,-14.27,-11.9,-1.28,-12.46,-12.17,-10.43,-6.62,-12.07,-6.78,-10.99,-11.68
199009,-4.07,-10.57,-8.54,-1.61,-6.68,-6.7,1.81,0.48,-8.73,-4.37,-11.56,-7.5
199010,2.5,-3.25,-3.64,-4.02,2.47,-3.56,3.01,7.23,-3.04,1.41,-7.16,-5.05
199011,6.56,4.13,6.78,1.63,8.73,11.09,2.11,2.29,10.42,9.49,14.26,5.42
199012,4.39,-0.42,5.34,-2.02,3.87,4.08,1.5,0.78,3.36,2.79,5.52,5.47
199101,5.12,7.32,8.06,-2.05,2.58,14.95,0.02,-1.37,9.3,4.55,7.25,8.17
199102,10.3,10.24,5.92,8.55,5.74,6.24,3.25,4.84,8.33,9.9,10.84,8.29
199103,4.8,1.18,1.47,1.3,1.13,0.19,2.14,1.71,8.61,5.44,5.8,-0.26
199104,-1,-2.29,-0.18,2.46,2.26,-2.92,1.13,-0.04,1.99,-1.14,1.78,0.38
199105,3.6,14.75,7.4,-1.4,7.9,3.8,-1.47,0.15,7.72,4.7,4.66,5.17
199106,-4.94,-4.47,-4.14,-3.64,-4.56,-8.96,-1.5,-2.37,-4.29,-4.21,-5.32,-5.04
199107,5.76,-0.44,2.23,5.03,5.13,4.67,3.11,3.99,5.31,8.51,5.75,2.71
199108,5.47,-2.16,2.01,1.62,1.52,2.82,0.67,3.51,3.6,2.94,4.45,0.7
199109,-3.24,-2.66,-2.52,-0.68,-1.91,-1.37,0.37,3.71,-3.18,-0.33,-0.25,-1.44
199110,-0.55,-2.01,1.65,2.05,1.03,1.98,1.9,1.25,-1.95,6.53,2.05,2.76
199111,-0.42,-7.99,-5.8,-7.69,-5.01,-4.37,-4.75,1.89,-1.17,-2.52,-5.21,-5.85
199112,14.73,7.61,11.63,2.11,11.43,9.2,9.92,4.99,13.03,16.61,13.37,11.35
199201,-3.1,10.5,2.06,-4.12,2.88,6.66,-2.87,-4.57,0.27,-5.45,0.82,4.6
199202,1.05,12.32,2.48,-0.53,1.57,3.88,-1.45,-1.24,2.63,-2.73,2.92,3.39
199203,-1.51,0.8,-1.98,-2.75,0.64,-5.18,-0.83,-0.53,-1.38,-5.53,-0.83,-4.85
199204,0.75,7.92,2.08,9.45,5.08,-0.99,7.04,2.69,-3.5,-2.3,0.89,-0.14
199205,1.31,-1.92,-0.67,3.18,-0.5,0.07,-2.46,2.54,0.24,1.11,2.52,-0.76
199206,-2.8,2.18,-2.14,-3.5,-5.56,-4.15,1.32,0.54,-1.89,-4.78,1.22,-2.83
199207,4.67,0.28,1.92,5.31,5.13,2.99,5.44,6.72,3.79,5.8,3.44,2.3
199208,0.87,-9.6,-3.01,2.59,-4.62,-4.51,-0.97,-0.47,-0.54,-3.36,-3.3,-3.89
199209,1.06,0.09,2.04,0.13,1.26,3.41,1.91,0.83,4.1,-4.98,3.31,3.7
199210,-0.82,-0.01,0.28,-3.47,2.36,2.15,-0.54,-0.43,4.38,3.34,2.81,3.31
199211,3.62,8.56,4.7,-2.69,2.3,6.35,3.88,-0.23,7.09,4.84,6.58,5.11
199212,0.05,3.36,2.01,1.92,0.08,0.03,5.65,2.7,0.65,-1.35,4.61,1.94
199301,-0.8,9.59,1.41,2.77,-2.71,4.88,1.33,2.45,0.07,-6.86,3.74,2.51
199302,-2.14,-0.29,1.58,5.99,2.08,-0.27,5.71,6.22,-1.47,-9,0.94,-1.08
199303,0,5.4,2.59,4.11,1.24,2.26,3.27,1.76,2.77,0.73,4.29,2.53
199304,-9.32,2.43,-0.48,1.14,1.25,-3.73,-2.87,-0.15,-8.14,1.29,-3.79,-2.02
199305,2.67,1.08,2.8,1.77,1.28,8.81,4.16,-0.04,5.92,3.59,0.41,4.7
199306,-0.69,3.45,0.49,-1.16,-2.01,-0.42,4.64,3.18,-2.86,-2.96,3.9,-1.47
199307,-2.36,1.51,0.25,0.48,-0.89,-3.88,2.14,1.94,0.73,-5.99,2.41,1.13
199308,4.29,0.46,3.88,4.23,2.45,6.47,5.24,3.69,3.93,3.02,3.13,4.31
199309,-1.83,1.01,-1.72,1.36,-2.32,1.29,-0.49,-0.64,-0.35,0.86,2.39,0.3
199310,6.06,7.7,2.36,-1.95,4.89,1.58,2.41,-1.96,4.77,5.92,-3.82,1.48
199311,0.68,0.68,1.21,-5.97,1.61,0.01,-5.95,-5.52,0.58,0.97,-3.84,-0.43
199312,1.47,4.44,4.2,0.61,2.66,3.01,-0.53,1.61,-1.86,2.33,2.26,3.12
199401,-0.42,7.16,4.15,4.89,6.59,4.71,2.16,-1.21,1.11,1.81,4.15,4.88
199402,-1.27,-4.43,-0.62,-2.94,-0.74,1.67,-5.5,-4.97,1.88,-5.6,-4.04,-3.46
199403,-4.02,-6.47,-4.49,-3.59,-4.34,-3.91,-3.61,-3.92,-4.85,-6.74,-3.26,-6.43
199404,1.23,-0.59,-1.36,4.2,3.43,-1.57,1.57,2.13,0.23,2.27,2.49,-1.37
199405,-1.35,-2.65,1.93,0.92,2.26,2.01,1.63,-5.35,-1.83,4.28,4.33,-0.09
199406,-1.89,-3.42,-2.31,-2.7,-3.24,-5.22,0.62,-3.12,-2.63,-3.43,-2.56,-2.62
199407,2.95,3.56,4.85,3.24,3.98,3.86,3.1,5.16,0.97,1.1,2.83,2.36
199408,6.08,-0.09,3.84,-0.1,6.77,9.34,1.08,0.66,4.47,10.85,3.53,3.46
199409,-0.33,-5.08,-1.84,-2.1,-1.28,-0.4,-1.23,-2.77,-2.34,1.72,-4.77,-2.95
199410,2.19,-1.74,0.19,7.4,1.52,7.34,-0.12,1.57,1.31,0.88,0.33,-0.62
199411,-1.67,-5.06,-5.29,-4.85,-5.82,-2.11,-5.44,0.27,-3.42,0.44,-5.37,-4.65
199412,1.33,3.88,4.57,-1.01,2.72,2.47,0.88,0.35,-2.77,0.57,1.35,1.51
199501,1.81,-5.77,-0.2,0.37,-0.88,-0.8,4.16,6.21,1.56,6.18,5.65,2.35
199502,2.98,5.13,5.95,4.48,4.77,6.77,1.51,0.82,2.67,2.26,4.91,4.68
199503,2.75,1.43,3.17,5.28,4.25,4.61,0.25,-1.75,3.62,2.8,1.18,3.67
199504,1.9,1.45,2.66,2.24,3.62,8.29,1.62,2.38,-1.71,3,1.79,1.72
199505,4.78,4.78,3.09,4.09,3.38,3.05,0.93,6.02,2.65,1.63,6.22,0.15
199506,1.68,0.75,2.69,-3.08,0.75,9.91,3.89,-0.45,4.93,4.5,1.77,3.41
199507,1.16,2.64,4.51,2.3,1.22,7.9,5.04,-0.37,3.58,5.52,4.19,6.2
199508,0.65,0.76,-0.28,-1.58,-0.04,-0.12,4.4,0.99,-2.72,1.04,5.2,0.26
199509,6.74,-0.52,1.41,1.3,4.08,1.38,5.77,6.27,2.87,7.37,5.76,1.22
199510,0.56,-4.79,-2.67,-0.28,-2.56,1.41,0.15,1.48,-5.49,1.04,-1.93,-2.35
199511,4.52,5.42,6.47,4.77,6.45,-0.68,2.8,1.58,6.16,4.99,6.76,4.35
199512,1.52,3.16,1.8,5.81,0.48,-4.35,4.13,5.09,-0.83,5.92,1.25,0.52
199601,2.62,3.51,2.71,-0.41,4.74,1.8,2.31,1.86,-0.3,6.02,3.9,2.61
199602,3.22,2,0.6,1.04,1.77,6.43,-2.5,-2.65,4.41,-1.1,2.13,2.32
199603,-0.84,4.33,2.87,5.01,4.76,-3.43,-2.01,-0.51,5.99,0.24,1,3.97
199604,0.15,3.53,2.55,3.44,-0.32,10.11,2.86,-2.66,4.26,-0.61,-1.06,3.7
199605,6.55,2.24,2.91,0.45,0.8,3.94,-0.02,1.32,4.4,3.89,1.44,1.76
199606,3.18,-4.93,-0.35,0.97,-0.68,-4.91,0.55,5.25,-1.71,-0.24,0.68,-2.63
199607,-4.07,-4.5,-4.44,-4.64,-2.82,-7.41,-8.49,-5.81,-7.56,-6.28,-2.46,-8.58
199608,-0.8,3.07,3.44,2.94,2.77,4.37,-1.33,2.89,5.94,4.32,4.26,3.06
199609,3.73,1.26,5.88,4.04,6.59,10.7,1.77,0.68,3.66,7.36,5.84,3.32
199610,1.58,3.74,1.39,5.97,2.17,-1.87,-0.46,3.6,-2.24,-0.85,5.47,-0.23
199611,5.13,5.87,6.17,5.53,5.78,11.98,5.49,2.61,3.18,6.61,8.38,4.86
199612,0.5,-2.41,0.05,0.8,-1.59,-2.74,2.9,0.13,-3.52,-2.59,-1.67,-2.19
199701,5.74,2.84,3.9,4.38,4.93,9.34,2.33,0.92,0.15,9.54,6.63,4.43
199702,4.13,0.56,0.31,-5.74,1.74,-7.38,2.57,-0.57,3,0.93,3.96,-1.56
199703,-5.23,-3.23,-3.91,5.27,-2.99,-5.64,-7.85,-2.78,-1.33,-7.48,-6.54,-3.71
199704,5.31,3.9,5.36,0.05,5.49,7.72,2.57,-1.39,2.27,6.11,5.98,2.23
199705,5.93,6.27,8.45,7.32,6.21,10.16,6.56,3.79,5.95,6.99,5.78,7.36
199706,3.57,3.47,5.18,1.31,5.23,1.42,3.46,3.06,5.07,8.88,6.05,2.77
199707,3.34,7.42,7.13,7.45,7.45,16.03,2.46,2.81,7.82,2.1,10.58,5.42
199708,-6.39,1.28,-4.87,0.32,-7.28,-1.38,-2.74,-1.16,-2.55,-6.11,-5.68,-1.92
199709,5.53,5.31,3.81,6.3,2.08,3.43,9.7,4.64,5.22,6.62,8.24,7.47
199710,-3.14,-3.28,-6.74,-2.01,-3.49,-8.28,2.89,0.93,-2.12,0.1,-2.07,-4.92
199711,6.5,-1.59,3.83,-3.57,5.29,1.47,10.69,7.14,5.43,2.82,3.6,1.01
199712,3.77,3.97,-0.89,-1.45,1.79,-4.24,4.22,7.94,-0.25,3.53,5.71,3.29
199801,-2.74,0.5,1.72,-5.75,-1.94,5.32,5.04,-4.4,0.9,5.68,-2.62,0.28
199802,4.96,12.27,6.61,6.84,8.56,10.32,2.41,2.63,10.36,5.51,8.95,6.17
199803,5.9,6.15,5.18,4.78,3.92,1.32,10.11,6.75,6.54,3.57,5.95,5.93
199804,-3.24,0.92,1.14,3.78,1.47,5.19,-3.2,-2.52,-0.52,1.91,2.03,1.7
199805,1.1,7.07,-3.76,-4.24,0.98,-7.03,-1.79,-0.88,2.18,-2.5,-2.28,-5.59
199806,4.18,1.67,-0.97,-1.36,0.32,8.77,3.02,2.81,4.97,6.17,3.68,1.69
199807,-4.14,-1.24,-4.72,-6.73,-8.15,0.48,3.93,-5.4,-2.96,-0.26,-1.18,-4.22
199808,-13.1,-18.79,-15.64,-10.41,-10.81,-17.64,-11.8,1.96,-14.24,-12.35,-22.01,-19.48
199809,1.25,1.03,1.77,13.04,-2.44,15.12,10.16,8.15,1.47,12.04,2.13,5.3
199810,10.99,11.04,11.21,1.25,11.49,6.3,6.86,-1.78,10.7,3.87,10.06,5.56
199811,6.42,5.32,4.18,0.42,2.12,11.7,3.61,1.34,9.49,6.19,6.26,5.6
199812,0.33,3.89,3.25,-1.2,0.02,15.24,14.35,2.86,9.23,5,3.16,4.4
199901,-3.48,5.2,2.17,-5.57,-3.96,15.14,8.95,-6.24,2.24,0.22,0.32,3.02
199902,-3.98,-4.61,-2.98,-3.17,0.68,-11.49,-2.89,-3.62,-1.37,0.18,0.64,-2.09
199903,-2.02,-0.25,4.4,15.41,5.76,8.48,-0.96,-1.64,2.69,2.52,3.01,0.44
199904,3.92,9.73,8.59,15.84,11.5,2.28,7.74,7.35,0.44,-5.53,6.33,7.78
199905,1.36,-4.61,-2.82,-3.1,-4.26,-0.76,1.03,6.72,-3.07,-2.03,-3.86,-4.02
199906,0.27,0.93,5.85,-1.41,0.83,11.66,5.82,-4.48,8.16,4.49,2.78,3.73
199907,-2.45,-5.86,-1.55,1.73,-0.26,-1.69,-1.89,-0.44,-5.03,-4.43,-5.71,-6.78
199908,-4.59,0.65,-0.36,1.82,-0.99,5.53,-7.97,0.55,-5.94,3.71,-5.17,-4.75
199909,-6.83,-8.45,-1.49,-4.02,-7.52,-0.09,4.08,-4.33,1.34,-7.07,-5.53,-1.3
199910,6.6,4.35,5.07,-1.49,7.96,3,8.77,2.21,3.18,10.77,14.16,2.72
199911,-1.1,-2.1,-1.54,3.82,0.52,12.7,4.43,-7.39,4.17,1.51,-3.67,2.15
199912,-2.63,2.67,12.1,0.84,5.43,20.77,2.93,-2.28,6.68,-5.65,-1.08,10.41
200001,-4.72,-1.27,-8.8,1.24,-8.36,-5.33,-3.54,6.03,-11.11,7.59,-4.53,-5.04
200002,-6.27,-8.27,-1.68,-5.41,-10.18,17.83,-4.1,-7.16,-3.93,-2.75,-8.79,-1.18
200003,7.42,10.62,11.06,11.69,-3.89,4.38,7.67,5.94,13.34,0.16,16.97,4.77
200004,-1.95,8.83,1.75,-1.99,0.21,-10.45,-7.62,7.48,-4.46,5.26,-3.69,-0.53
200005,7.08,-12.51,-2.68,9.38,1.98,-10.78,-10.76,3.97,-2.84,3.96,4.98,-1.95
200006,2.2,-9.03,-0.12,-5.05,-5.14,12.58,4.04,-4.72,-2.23,11.55,-4.26,1.37
200007,0.72,4.86,-1.74,-2.58,-0.91,-5.18,-7.46,4.21,-1.23,-6.47,8.64,-0.47
200008,-2.08,5.36,9.66,8.74,2.32,12.69,-1.39,11.76,-2.39,3.46,10.1,7.61
200009,3.71,-4.31,-7.77,4.51,-0.78,-14.88,-3.35,9.16,2.66,3.71,2.48,-3.92
200010,7.74,2.47,2.19,-2.9,6.42,-7.48,-0.24,-1.81,-1.83,2.08,-0.51,-2.96
200011,2.74,-11.53,-5.29,-2.53,1.38,-23.16,-15.46,3.06,-1.04,0.75,-5.17,-8.05
200012,5.5,-0.18,6.57,7.69,7.69,-8.07,-4.57,6.6,5.66,3.51,9.97,1.2
200101,-2.2,13.4,1.4,-3.37,-5.84,16.1,14.38,-10.77,6.43,-8.51,-0.49,1.47
200102,0.13,-1.16,-4.98,0.04,-1.64,-26.11,-9.85,6.16,-5.36,-0.55,-5.13,-2.49
200103,-4.78,-2.87,-5.92,-0.14,-6.46,-13.85,-5.79,1.24,-2.88,-8.57,-3.32,-7.38
200104,0.9,8.59,9.59,10.06,3.12,18.01,2.7,5.53,5.61,4.23,4.1,11.03
200105,3.39,-1.62,1.91,0.09,2.79,-3.28,-1.38,0.24,1.61,2.81,3.66,3.6
200106,-1.53,3.73,-6.17,-7.52,-1.3,1.37,-3.11,-6.05,-2.59,-3.07,0.7,-1.72
200107,-0.17,3.18,0.38,-2.23,0.87,-7.49,-0.56,-3.83,4.58,2.31,-0.67,-6.23
200108,2.47,-11.23,-3.05,-3.52,0.57,-12.65,-9.3,0.52,-6.98,-3.09,-5.43,-5.25
200109,-2.98,-16.96,-16.08,-5.62,-5.11,-19.02,-1.97,-6.58,-9.52,-0.6,-5.7,-14.04
200110,1.26,1,4.72,4.73,2.14,15.75,-9.67,1.87,1.57,1.24,-1.52,0.78
200111,2.19,15.48,8.78,-4.07,7.67,15.98,5.8,-1.54,9.82,5.03,6.86,8.43
200112,1.92,-0.74,3.9,5.95,-0.16,-0.7,2.54,4.04,4.33,-2.82,3.15,5.22
200201,1.46,2.94,1.98,-2.88,0.57,-0.45,-6.94,-4.34,2.62,-2.41,-1.35,-2.7
200202,4.27,3.16,4.67,5.46,3.85,-13.13,-2.21,-0.37,-0.15,-0.46,-1.11,1.98
200203,4.03,6.86,4.95,7.67,5,6.47,0.12,10.28,2.09,0.54,6.21,2.49
200204,2.47,1.8,-0.94,-4.54,-2.56,-11.76,-12.96,-0.41,-1.63,-7.52,-1.11,-7.65
200205,1.25,-0.31,-0.87,-0.77,1.07,-3.7,3.2,-6.91,-1.43,-2.27,-0.15,-1.73
200206,-5.85,-8.1,-3.79,-0.06,-1.41,-12.17,-14.02,-5.8,-5.1,-9.68,-4.82,-6.15
200207,-6.62,-12.18,-10.06,-11.83,-5.06,-9.68,-11.79,-12.13,-11.43,-2.57,-7.03,-4.69
200208,2.24,0.57,-2.72,0.63,1.74,-0.95,0.14,3.41,1.85,0.63,2.26,-1.93
200209,-7.67,-10.93,-9.79,-8.11,-5.46,-16.68,-9.63,-10.84,-9.43,-5.88,-10.41,-11.08
200210,5.06,-3.09,4.04,3.18,3.3,19.47,22.11,-0.62,5.74,5.67,7.26,3.85
200211,-1.09,11.9,8.41,3.01,2.12,16.32,11.76,1.57,1.89,3.78,3.22,7.12
200212,-0.25,-7.17,-4.96,0.84,-1.36,-12.97,-9.44,3.84,-6.97,-4.07,-4.25,-6.31
200301,-3.94,-3.16,-4.46,-2.5,-3.36,-1.5,-4,-3.27,-4.77,-0.61,-1.6,-4.61
200302,-2.88,-4.99,-1.8,1.94,-3.14,1.2,-6.61,-3.97,-1.22,-1.96,-3.26,-1.02
200303,-2.59,-2.63,-1.16,1.5,6.17,-0.94,-0.66,4.31,4.65,3.79,0.2,3.41
200304,4.39,14.96,6.83,-0.47,5.54,9.24,11.5,7.31,8.99,4.39,11.13,12.91
200305,9.51,2.86,6.17,8.64,1.81,9.76,6.29,10.12,3.49,3.94,5.61,4.34
200306,1.64,2.84,1.75,-0.96,-1.91,0.35,1.91,0.74,3.44,4.15,0.65,1.62
200307,-1.68,6.6,5.97,-2.62,2.99,5.59,-1.93,-5.15,3.29,0.48,4.36,1.62
200308,0.3,7.85,5.74,6.18,0.79,6.11,1.16,1.92,6.74,-2.82,-0.52,3.78
200309,1.13,-4.15,-5.23,-2.18,-0.56,-0.92,-5.64,3.85,-4.54,0.29,0.58,-0.57
200310,5.94,6.99,10.63,1.64,5.4,8.27,6.81,1.51,9.02,0.87,6.96,4.76
200311,3.61,3.08,2.69,0.65,0.74,1.84,-0.68,0.95,0.54,1.83,0.96,1.66
200312,3.44,12.27,7.21,13.6,5.66,2.15,7.64,5.85,-2.13,5.65,4.13,4.63
200401,0.06,-1.18,-0.78,0.23,-0.34,4.48,1.4,1.91,0.45,3.09,3.4,1.66
200402,4.25,-0.08,1.54,4.53,2.92,-2.94,-0.49,2.11,6.09,0.9,2.9,0.05
200403,-0.09,-1.19,-0.6,0.02,0.36,-2.52,-2.06,1.14,0.29,-3.92,-0.68,-0.54
200404,1.42,2.28,-0.81,2.66,1.35,-4.92,-0.48,-3.56,-2.7,3.52,-4.42,-2.12
200405,-1.89,-1.65,1.83,0.58,1.25,4.86,-2.95,1.25,0.3,-0.41,1.58,2.09
200406,1.66,5.02,6.21,5.44,3.45,2.66,0.82,2.03,0.04,-0.5,0.55,3.37
200407,-5.98,-4.64,-3.95,3.32,-4.28,-8.52,-1.02,1.06,-4.03,-5.92,-2.3,-2.54
200408,0.77,-2.23,0.02,-1.39,4.27,-4.52,1.17,3.66,-1.2,1.64,3.12,-0.76
200409,-2,2.3,2.93,8.84,-0.22,3.44,1.41,1.38,2.61,-1.4,0.12,3.3
200410,2.83,-3,-1.32,0.64,-1.67,5.15,3.46,4.24,3.06,-2.44,0.62,2.13
200411,4.6,7.27,7.78,6.57,5.98,5.75,3.61,4.89,3.67,0.68,4.65,4.87
200412,4.79,4.88,2.08,-2.31,3.5,3.1,4.29,2.49,3.5,5.66,4.19,4.9
200501,0.21,-7.02,-2.03,3.03,-1.15,-6.38,-4.21,1.76,-1.07,-4.08,-2.09,-2.36
200502,0.72,-0.25,4.07,19.41,4.16,0.03,-0.3,2.36,0.83,2.44,-0.25,0.96
200503,-0.85,-8,-1.65,-3.44,-0.94,-2.54,-0.18,0.61,0.04,-0.47,-3.24,-0.65
200504,-0.95,-11.09,-5.08,-5.6,-3.81,-4.46,-2,2.13,-5.29,3.95,-0.87,-3.05
200505,2.34,8.84,4.02,2.07,0.5,8.23,1.54,1.66,6.43,1.48,3.33,3.11
200506,-1.68,2.1,-0.7,5.76,-2.18,-1.69,0.14,5.56,2.43,-0.59,2.42,-0.51
200507,2.61,5.41,6.55,6.14,4.32,6.11,3.09,2.98,5.82,3.72,1.74,3.95
200508,0.01,-2.87,-0.42,5.7,-3.38,-0.38,-1.25,1.25,-5.62,-0.31,-1.45,-2.1
200509,0.13,-5.15,1.08,7.26,0.31,0.69,-1.47,4.38,-1.8,-1.92,1.17,1.42
200510,-1.92,-4.38,-3.37,-10.16,-0.61,-1.77,-2.98,-6.85,1.56,-3.27,2.52,-1.07
200511,1.16,2.22,6.62,1.01,2.7,6.55,2.63,-0.22,3.96,1.58,4.5,5.73
200512,0.23,-0.64,1.55,0.49,1.21,-1.97,-1.66,1.24,-0.59,2.39,0.29,-0.17
200601,0.11,5.85,6.27,12.54,2.9,3.99,3.82,3.03,2.01,2.17,1.29,2.4
200602,1.27,-0.45,1.37,-8.14,0.31,-1.02,3.33,0.22,1.41,1.07,1.61,-0.32
200603,1.33,2.75,4.39,4,0.11,2.89,1.82,-3.64,2.43,-0.96,0.64,4.35
200604,1.17,0.34,4.71,4.67,2.57,-1.15,1.68,1.85,-1.58,-1.96,2.79,0.78
200605,1.68,0.68,-3.48,-3.46,-3.12,-6.9,-0.22,1.5,-1.88,-2.18,-3.59,-2.63
200606,0.3,1.77,-0.61,2.73,-0.21,-1.42,2.96,2.41,0.29,-0.12,-0.42,-0.32
200607,3.5,-3.01,-4.55,5.11,-1.6,-3.82,2.42,4.83,-4.29,4.14,1.38,-5.28
200608,3.08,2.37,0.34,-3.29,5.84,7.46,2.28,2.28,2.22,2.33,1.49,2.21
200609,-0.62,4.28,1.98,-3.82,1.68,3.63,3.66,-2.11,5.69,1.53,3.59,2.41
200610,2.8,4.98,4.55,5.16,4.16,4.1,5.19,5.36,3.96,1.71,2.03,4.89
200611,1.41,1.78,4.63,8.6,1.26,3.08,0.63,3.06,-1.28,0.06,0.91,2.92
200612,2,-0.77,0.05,-1.93,1.49,-0.96,4.33,0.73,1.45,0.15,3.77,2.05
200701,1.52,2.85,3.29,-1.34,2.9,1.99,3,0.51,3.65,3.5,0.37,2.41
200702,-1.53,-0.48,1.02,-2.11,0.22,-2.35,-2.77,4.14,-0.59,-2.85,-2.51,-1.85
200703,2.62,-1.04,1.96,5.88,0.87,0.86,2.32,4.33,0.75,-0.25,-0.37,0.02
200704,3.62,6.21,5.4,5.14,2.32,4.9,1.74,3.94,2.29,6.8,3.64,2.66
200705,2.89,3.19,6.18,7.13,1.71,3.91,7.31,1.2,2.36,1.14,2.82,3.88
200706,-1.06,1.87,-0.6,0.87,-0.88,0.52,-1.8,-4.83,-1.97,-3.4,-3.64,-1
200707,-4.19,-5.81,-0.04,-1.12,0.06,-1.03,-3.1,-3.72,-5.35,-3.99,-7.54,-1.03
200708,1.83,-1.73,-0.21,0.29,2.7,2.89,-0.86,1.84,1.52,2.27,1.61,0.45
200709,3.95,1.74,5.01,7.86,6.4,4.23,2.05,3.54,-0.63,3.53,1.91,4.04
200710,2.16,1,0.43,2.81,2.17,6.83,-2.17,6.83,1.18,1.54,-1.45,3.27
200711,0.85,-9.02,-4.09,-4.36,0.44,-7.59,-6.43,-0.72,-3.75,0.03,-6.21,-5.53
200712,-1.01,-2.19,0.69,7.68,1.63,1.5,-0.25,0.9,-2.67,-3.98,-4.13,-2.29
200801,-5.2,-5.4,-7.48,-9.08,-7.31,-12.44,-7.75,-6.93,-0.49,-4.6,-1.13,-3.73
200802,-0.06,-5.97,-0.17,6.87,2.62,-3.59,-3.88,-3.02,-4.65,-0.93,-10.84,-2.61
200803,1.21,-4.13,-0.78,-2.94,1.28,0.71,-0.05,0.81,1.86,-1.77,-3.94,1.26
200804,-1.08,6.6,6.25,10.7,2.68,6.53,4.69,6.39,5.01,0.44,5.51,0.33
200805,3.32,1.36,4.2,4.23,1.49,5.71,4.73,3.58,1.18,1.63,-4.22,0.67
200806,-7.42,-19.56,-10.9,2.76,-5.88,-8.89,-10.89,-0.4,-8.08,-3.01,-17.53,-10.14
200807,2.25,-0.23,-2.12,-15.67,3.31,-0.59,-3.18,-7.13,1.14,6.73,7.2,0.07
200808,1.72,1.76,1.48,-0.03,1.31,2.4,4,-0.43,5.38,1.8,-0.02,1.11
200809,-2.93,-9.19,-15.78,-12.1,-9.23,-12.49,-12.61,-11.94,-5.77,-5.96,-4.32,-8.61
200810,-13.02,-33.18,-23.78,-16.67,-15.52,-18.14,-15.56,-11.12,-15.13,-11.03,-20.18,-19.47
200811,-5.47,-10.3,-8.02,0.22,-7.35,-10.83,-1.58,1.23,-7.69,-7.35,-14.31,-9.47
200812,0.86,0.3,3.67,-2.42,-2.18,2.05,3.46,-2.04,4.88,6.74,1.51,-0.13
200901,-5.13,-13.78,-9.35,-3.53,-8.8,-3.17,-10.28,-0.82,-7.6,-2.21,-21.22,-12.63
200902,-7.65,-12.27,-15.8,-12.46,-9.73,-5.06,-6.94,-12.59,-3.06,-9.95,-15.36,-13.27
200903,6.42,11.95,8.72,3.95,5.93,11.56,7.51,2.79,9.95,7.06,14.72,10.6
200904,4.96,45.52,20.89,4.53,11.51,12.4,9.66,2.09,9.53,-0.9,17.08,14.59
200905,7.16,-3.65,5.11,10.37,6.16,3.01,1.05,4.63,-0.94,6.2,10.02,3.37
200906,0.65,4.31,-1.14,-4.75,-2.69,4.49,1.65,4.63,-0.29,3.59,-1.79,-2.13
200907,7.31,19.73,10.69,5.33,12.46,8.16,5.52,4.41,6.76,5.49,8.65,9.87
200908,0.74,2.45,4.74,0.79,-0.15,2.31,0.73,0.25,3.7,2.21,10,3.86
200909,4.21,2.14,6.46,5.07,6.63,5.22,6.48,2.24,2.4,2.39,1.35,6.2
200910,-0.62,-0.63,-3.69,2.45,-1.3,-1.49,-3.48,-2.71,0.05,-3.72,-4.94,-6.08
200911,3.86,10.36,7.2,3.26,8.32,4.89,6.52,4.57,5.01,8.23,4.39,7.65
200912,2.64,5.69,4.67,-0.5,-0.32,5.98,6.42,5.86,1.95,2.47,0.31,1.47
201001,-2.4,-0.43,-4.46,-4.84,-1.17,-7.91,-6.72,-4.44,-1.84,-0.02,-0.65,-0.3
201002,2.66,7.39,5.85,2.61,4.04,4.85,2.76,-0.42,4.3,0.38,2.91,4.75
201003,5.89,9.35,7.83,3.23,4.09,6.68,7.63,3.12,6.26,3.63,8.31,7.79
201004,-1.02,7.26,4.16,4.05,1.32,2.3,3.41,2.85,2.55,-2.18,1.13,2.91
201005,-5.73,-9.06,-9.25,-10.27,-6.78,-7.79,-5.86,-6.29,-5.36,-8.06,-9.1,-8.2
201006,-1.9,-10.67,-6.49,-6.36,-4.46,-6.2,-3.84,-0.7,-9.06,-1.67,-7.23,-5.36
201007,7.36,15.72,10.24,7.69,8.53,7.38,9.53,6.81,4.61,2.14,6.56,7.07
201008,-1.17,-9.67,-7.3,-3.43,-1.85,-6.54,-1.99,0.37,-3.97,-1.66,-8.48,-4.78
201009,6.14,13.52,12.22,9.21,6.06,12.56,7.87,3.65,12.15,9.01,7.24,10.59
201010,4.34,8.49,4.47,4.59,6.43,6.45,4.57,1.86,2.42,1.98,1.69,2.54
201011,-0.07,7.47,2.77,5.52,-1.18,-0.71,-1.89,-1.33,4.17,-3.34,-0.28,1.64
201012,4.35,8.61,7.35,9.41,6.32,5.97,6.58,3.22,3.23,5.44,10.56,7.25
201101,-2.37,0.3,4.39,6.93,0.09,3.93,0.07,2.2,-0.86,-0.72,2.54,1.45
201102,4.72,-1.78,3.55,7.63,3.15,2.42,7.4,2.43,2.26,3.32,2.72,3.27
201103,3.02,1.74,2.39,2.1,0.73,-1.46,1.68,0.92,1.1,2.29,-1.58,-0.28
201104,4.61,2.22,2.06,1.59,4.93,3.11,3.3,4,4.51,6.34,0.67,1.74
201105,2.04,-3.54,-2.99,-4.52,-0.43,-1.75,0.77,1.32,0.88,1.95,-2.67,-2.59
201106,-1.08,-1.06,0.02,-2.34,-1.9,-2.46,-1.39,-0.34,-0.89,-1.88,-2.31,-1.83
201107,-0.42,-8.93,-5.97,0.5,-2.3,-0.5,-4.95,-0.33,-0.64,-3.66,-3.91,-3.25
201108,-0.66,-12.08,-7.59,-10.02,-3.18,-6.79,-5.06,0.17,-2.89,-3.16,-9.33,-6.26
201109,-4.88,-14.1,-11.93,-12.31,-9.1,-4.76,-5.77,-1.61,-3.89,-3.95,-11.29,-10.83
201110,6.29,23.28,16.3,16.24,9.9,11.78,7.59,6.7,9.77,5.54,13.5,13.76
201111,1.44,-8.02,1.85,2.15,0.47,-1.98,0.3,1,1.06,1.3,-3.16,-0.38
201112,1.89,-1.2,-1.78,-0.36,1.25,-1.43,3.13,2.93,0.9,3.51,1.76,1.02
201201,0.39,13.55,8.1,1.03,4.05,8.49,2.37,-2.71,4.07,3.41,7.37,7.02
201202,3.93,6.05,3.94,6.49,3.71,6.65,4.85,1.31,3.12,1.26,6.51,0.79
201203,3.88,0.94,0.05,-3.27,1.97,4.67,2.31,1.48,4.66,3.94,7,1.59
201204,0.81,-7.02,-0.99,-1.57,-0.18,-2.11,1.75,1.73,0.96,0.61,-2.35,-0.53
201205,-2.67,-8.16,-8.72,-10.56,-5.9,-7.86,-0.81,-0.91,-3.05,-3.25,-9.21,-5.33
201206,3.42,-5.56,0.89,5.78,1.95,2.91,7.05,3.4,2.17,6.83,4.62,5.31
201207,1.38,0.38,0.52,2.82,1.46,-0.1,4.14,3.62,1.24,1.63,-1.1,-1.42
201208,0.12,4.15,3.47,2.37,2.89,4.8,0.97,-3.44,2.75,0.98,4.18,1.48
201209,0.89,3.57,1.49,3.82,1.97,1.24,4.86,2.11,1.95,4.69,3.64,4.04
201210,-1.71,5.88,-0.39,-1.88,-1.01,-6.35,-2.4,1.09,-1.02,-1.91,1.91,-0.7
201211,3.22,3.12,2.91,-1.5,2.22,1.45,0.07,-3.76,1.46,1.5,-0.95,0.62
201212,-2.28,7.31,3.71,1.33,1.05,0.36,1.15,0.08,-1.12,-0.53,4.43,2.41
201301,5.1,3.5,5.64,7.47,6.8,2.36,4.85,5.05,5.58,8.08,6.24,7.65
201302,3.19,0.01,1.29,0.68,1.27,0.67,2.29,2.2,0.85,1.32,1.18,1.78
201303,5.06,4.03,3.15,2.07,1.62,2.7,5.64,5.68,4.72,6.51,4.52,3.67
201304,3.78,3.65,-0.3,-1.39,2.7,0.4,4.3,5.13,2.69,2.6,1.62,-0.46
201305,-2.31,9.88,4.64,3.05,1.39,4.56,-1.8,-7.11,2.23,1.62,7.22,3.74
201306,0.11,-0.46,-1.62,-2.39,-2.67,-2.94,2.09,0.82,-0.06,-1.37,-0.48,-2.4
201307,2.86,9.01,6.39,5.18,5.73,5.69,3.42,4.58,5.9,8.08,6.52,4.31
201308,-3.93,-1.02,-1.77,-1.89,-1.97,-0.19,-3.29,-4.42,-4.23,-3.68,-4.26,-2.57
201309,1.95,6.47,6.66,1.97,2.53,3.82,4.28,1.04,4.51,4.16,3.02,5.23
201310,4.81,0.76,4.05,4.78,5.4,3.83,5.81,3.34,5.11,3.56,3.29,4.85
201311,1.29,1.88,3.16,0.85,2.34,3.6,0.09,-1.8,3.68,4.49,6.12,2.59
201312,2.45,1.24,4.07,3.05,1.29,3.99,3.97,1.79,0.28,0.62,2.62,3.92
201401,-5.75,-3.61,-3.99,-6.89,-4.58,-1.44,-3.8,2.49,-6.45,1.88,-4.24,-4.44
201402,3.43,8,5.33,5.66,5.52,5.11,2.56,3.08,5.35,6.48,3.22,4.03
201403,3.26,-1.13,-0.08,2.44,1.26,-0.61,0.17,2.68,-0.58,-2.56,2.53,1.02
201404,1.54,0.33,0.61,5.67,1.45,-0.99,0.39,3.98,-0.95,-0.41,-3.57,0.6
201405,3.47,0.69,1.23,0.88,1.13,3.4,4.1,0,0.98,1.87,1.7,2.1
201406,1.16,4.45,2.24,4.12,-0.3,2.86,1.54,5.41,1.29,2.9,3.1,1.44
201407,-4.34,-4.66,-4.76,-3.55,-2.89,0.24,0.79,-6.4,-2.25,-0.3,-2.07,-2.57
201408,5.56,5.19,4.65,2.31,5.13,4.23,0.32,5.31,5.01,5.54,3.85,4.56
201409,-0.1,-9.41,-3.38,-7.83,-0.91,-1.36,-1.44,-3.37,-1.44,-0.22,-0.56,-2.04
201410,2.67,3.72,3.14,-4.19,0.95,1.46,1.31,6.71,3.06,5.9,3.78,2.88
201411,4.74,4.73,2.12,-9.59,2.51,4.29,2.46,0.26,7.57,2.52,1.8,3.66
201412,-2.41,0.6,-0.48,0.54,0.61,-1.21,-2.04,1.86,1.6,-0.82,2.14,-0.42
201501,-0.55,-4.36,-3.88,-4.31,-3.52,-3.52,-4.47,1.24,-0.25,1.59,-7.75,-3.92
201502,5.13,8.18,6.22,4.73,5.99,8.26,8.91,-4.35,5.56,4.24,7.99,5.93
201503,-2.44,-0.46,-1.57,-2.49,-2.99,-2.49,-2.11,-0.32,0.69,0.76,0.2,-1.84
201504,0.85,-1.01,-0.86,6.67,-0.43,1.47,3.6,0.28,-2.19,-1.42,0.74,0.36
201505,1.49,1.04,1.07,-5.1,0.53,1.97,0.33,-0.46,0.94,4.91,3.11,-0.53
201506,-1.34,-1.65,-2.03,-3.77,-1.85,-3.6,-0.52,-5.29,-0.57,0.16,1.47,-2.48
201507,4.96,-2.09,-1.92,-8.93,-2.35,2.36,1.55,2.65,4.91,3.49,1.93,1.67
201508,-4.11,-6.14,-4.82,-3.64,-7.17,-5.78,-8.38,-4.06,-5.37,-8.37,-6.52,-5.57
201509,-0.56,-3.3,-4.46,-5.74,-3.86,-1.45,-2.49,-0.5,-1.79,-6.95,-3.19,-2.88
201510,6.8,6.78,8.3,12.17,11.6,10.27,9.07,2.09,4.51,7.5,5.78,7.91
201511,-0.91,1.94,0.51,1.06,0.28,1.2,-2.02,-3.44,0.91,0.57,2.2,0.04
201512,0.78,-3.99,-3.53,-9.61,-0.77,-2.65,-2.97,-2.36,0.31,0.29,-2.89,-2.23
201601,0.17,-12.63,-6.25,-4.36,-4.74,-6.1,0.34,4.67,-4.18,-10.13,-9.78,-7
201602,0.59,4.09,3.74,-2.95,2.65,-0.86,0.95,1.75,0.07,-0.98,-3.01,4.02
201603,5,10.8,7.33,10.89,6.14,8.37,6.13,7.86,5.72,3.96,6.63,7.99
201604,0.3,1.52,2.68,9.17,1.68,-4.15,0.67,-0.8,-0.64,4.95,4.14,-0.34
201605,0.73,-1.2,-0.57,-0.59,-0.42,5.09,0.29,2.24,0.98,2.41,2.2,-0.46
201606,4.73,-5.8,0.68,2.55,1.35,-1.76,3.57,7.42,0.88,-0.16,-5.32,0.77
201607,-0.06,8.81,4.76,-2.73,2.84,7.6,2.24,-0.26,3.51,6.16,4.06,3.36
201608,-0.61,0.19,1.16,1.61,2.05,1.8,-3.17,-3.77,-1.42,-3.14,4.92,0.65
201609,-2.48,-1.66,0.04,2.83,-0.32,2.3,0.48,1.83,-0.67,0.58,-1.49,-0.39
201610,-0.18,-3.56,-2.73,-2.96,-2.33,-1.09,-3.03,-0.67,-3.97,-7.52,1.53,-0.74
201611,-3.87,7.49,9.25,9.57,1.12,0.61,6.55,-2.64,4.39,2.4,13.25,8.74
201612,3.46,4,0.32,1.97,0.83,0.94,4.88,3.61,-0.4,0.72,3.86,1.37
201701,1.69,2.94,3.13,-4.29,3.77,4.58,3.36,1.07,1.03,2.03,0.52,1.8
201702,3.75,0.62,4.11,-2.46,4.25,4.92,-0.03,3.98,2.82,7,4.56,2.02
201703,0.88,0.23,-0.27,-1.19,0.86,2.09,0.92,0.37,0.81,0.04,-2.33,-0.36
201704,0.51,1.85,2.74,-2.74,0.26,2.61,0.17,0.33,2.7,0.91,0.17,0.59
201705,3.23,-0.36,1.61,-3.36,0.68,4.2,-1.4,2.43,1.65,-0.26,-1.13,0.72
201706,-1.06,3.59,1.51,-0.15,0.62,-2.08,-2.45,-1.91,-1.94,5.54,5.95,1.64
201707,-0.13,-1.19,2.31,2.06,1.95,3.7,5.27,2.99,0.16,0.7,1.85,0.46
201708,-1.75,-0.02,-0.05,-5.09,1.07,2.99,-2.47,2.17,-1.63,2.59,-1.29,0.63
201709,-0.4,5.29,5.04,10.93,2.35,0.69,-1.51,-1.95,2.42,2.09,5.27,3.27
201710,0.08,1.2,3.61,0.5,0.82,6.9,-5.55,3.02,2.78,-2.26,3.37,-0.05
201711,4.07,-0.65,3.4,2.95,3.59,1.09,4.07,2.42,8.04,2.46,3.96,3.65
201712,2.01,-0.87,2.49,5.01,1.8,-0.15,4.48,-4.98,2.44,-0.15,1.03,2.05
201801,1.93,2.66,6.09,2.8,-0.71,7.9,3.16,-2.81,9.41,6.38,6.13,5.04
201802,-6.22,-6.08,-3.28,-10.75,-6.01,-0.06,-7.05,-4.54,-4.64,-3.49,-2.59,-4.56
201803,-1.08,-5.74,-3.23,3,0.4,-3.18,-2.54,3.17,-2.52,-2.41,-3.44,-1.09
201804,-3.98,-0.07,-3.65,10.05,-2.84,-0.22,-2.28,2.78,3.93,-0.04,1.15,-0.35
201805,-0.56,2.97,3.23,3.41,0.72,6.8,-0.83,0.22,0.87,2.37,0.38,3.23
201806,4.55,0.88,-2.32,0.53,2.42,-0.42,6.43,2.61,3.03,1.48,-1.02,-0.8
201807,2.86,-1.63,5.91,1.09,3.94,2.38,2.71,1.69,3.22,5.92,4.26,3.2
201808,-1.15,-0.72,-1.08,-2.84,1.15,7.2,2.91,0.93,8.04,4.5,2.44,2.05
201809,0.72,-3.95,2.47,3.37,-1,-0.16,1.77,-0.56,0.6,2.08,-2.06,-0.23
201810,-0.24,-2.86,-11.63,-11.92,-6.21,-8.78,-0.43,-0.07,-8.78,-8.79,-5.5,-8.99
201811,0.48,5.33,4.2,-2.2,5.55,-1.6,2.53,3.28,2.47,6.42,2.82,2.9
201812,-11.29,-11.37,-9.99,-13.04,-6.25,-8.09,-8.7,-4.76,-9.06,-8.25,-11.56,-9.9
201901,7.29,10.54,11.84,10.33,5.68,9.22,5.44,5.42,8.2,5.32,9.86,9.87
201902,1.34,3.75,5.68,2.47,4.18,5.78,3.23,3.56,0.68,3.3,2.75,3.34
201903,3.66,-5.36,-2.15,2.02,1.8,3.79,0.45,3.33,3.43,0.5,-2.5,0.44
201904,3.13,3.33,3.84,0.22,4.47,5.91,6.02,1,4.63,-3.16,7.12,5.59
201905,-5.62,-12.43,-9.85,-11.83,-7.79,-8.47,-3,-1.55,-6.04,-3.4,-5.57,-7.16
201906,4.92,13.15,9.67,8.83,5.01,7.96,5.14,3.64,7.14,6.83,6.19,7.66
201907,1.75,1.03,-0.34,-2.68,3.55,3.51,2.05,-1.01,0.91,-2.18,3.13,-0.33
201908,-1.38,-4.76,-2.1,-8.74,-0.88,-2.59,0.29,3.44,0.12,-0.64,-4.83,-4.34
201909,1.87,3.69,4.35,3.68,2.89,1.24,1.23,3.93,0.86,-0.98,2.68,0.74
201910,0.07,7.15,0.74,-2.07,-1.23,3.24,2.16,-1.39,0.78,4.68,3.36,2.51
201911,2.18,2.69,4.49,1.16,0.83,5.25,2.49,-2.14,2.16,5.61,5.74,3.83
201912,3.5,5.49,1.01,6.2,2.09,3.76,1.02,4.11,1.32,3.46,2.64,2.11
202001,-0.35,6.5,-2.81,-11.88,-2.58,3.39,-2.1,4.83,1.02,-1.99,-2.46,0.4
202002,-8.67,-7.16,-8.51,-15.3,-8.79,-6.92,-6.21,-9.85,-6.83,-5.36,-10.68,-8.55
202003,-11.38,-22.8,-20.29,-34.47,-9.91,-9.75,-13.32,-12.94,-7.6,-5.09,-20.18,-18.02
202004,8.05,26.15,10.18,32.36,12.13,15.24,9.53,5.08,18.05,13.48,11.93,10.06
202005,3.26,7.35,6.45,0.52,4.62,7.96,4.79,4.6,4.33,4.15,3.65,4.94
202006,0.01,14.7,3.34,-0.4,1.19,5.96,-2.6,-5,4.28,-1.45,-0.34,0.89
202007,5.86,19.07,3.02,-4.77,7.48,6.94,5.04,6.35,9.47,4.39,1.97,6.32
202008,4.45,41.97,6.86,-1.08,4.95,10.5,5.6,-2.24,8.15,2.35,4.9,9.85
202009,-2.07,-9.2,-0.29,-14.9,0.07,-5.25,-1.98,-0.32,-3.86,-1.46,-4.09,-1.04
202010,-2.69,-3.38,-0.72,-4.5,-0.72,-1.9,-3.85,4.47,-2.64,-4.4,-0.8,-2.61
202011,10.02,34.48,17,28.49,8.34,10.83,14.48,2.68,8.32,9.86,16.32,14.95
202012,4.91,15.63,2.91,6.27,1.78,5.14,5.24,0.63,1.4,4.7,6.92,3.53
202101,-4.15,11.83,-1.46,4.67,-4.11,0.59,-3.52,-0.44,-0.16,3.43,-2.81,-2.72
202102,1.32,-8.3,7.93,23.36,0.62,1.52,4.24,-4.57,-1.67,-1.28,10.75,8.08
202103,7.27,0.69,7.84,2.25,7.5,0.72,1.62,10.37,5.7,-0.08,5.86,5.26
202104,3.32,4.32,2.4,0.72,2.63,6.35,3.06,3.97,7.18,2.97,6.21,4.97
202105,1.97,-5.46,2.95,6.16,2.36,-0.84,-0.58,-1.16,-2.25,-0.11,3.19,2.24
202106,-0.8,5.68,-0.3,5.51,-2.57,6.95,0.02,-1.41,2.82,4.39,-2.26,-2.63
202107,0.21,-0.96,0.85,-8.58,2.45,3.41,0.33,2.97,0.26,2.92,0.22,-1.39
202108,-0.28,1.78,0.68,-1.19,0.27,4.65,1.34,3.23,2.38,2.85,2.85,2.25
202109,-4.56,2.8,-6.25,10.99,-4.77,-6.22,-5.58,-4.86,-4.2,-6.01,-1.54,-3.49
202110,3.74,30.86,4.49,10.33,6.09,7.82,-4.23,5.11,4.97,2.25,7.08,7.47
202111,-3.87,2.04,-1.11,-5.35,0.25,1.04,-7.18,-1.96,1.5,-4.29,-5.67,-3.86
202112,8.06,-4.69,4.14,3.1,9.45,1.77,3.91,8.55,1.36,6.62,4.73,5.08
202201,-0.66,-10.31,-5.58,17.43,-6.37,-8.31,-1.91,-2.1,-8.95,-8.77,-0.7,-7.45
202202,-0.56,-7.08,-0.16,8.27,-3.47,-4.98,0.27,-1.1,-1.52,-1,-1.62,0.02
202203,0.43,15.05,1.3,9.72,0.11,3.33,-2.44,9.67,3.02,5.13,-1.06,4.33
202204,2.26,-16.96,-7.95,-1.24,0.47,-12.61,-10.63,-3.71,-9.93,-6.88,-7.98,-10.59
202205,-1.63,-9.04,-0.1,15.57,-0.94,-2.1,8.62,4.79,-4.09,0.96,2.87,-2.92
202206,-3.91,-11.89,-10.01,-16.52,-8.3,-8.34,-6.65,-6.54,-7.72,-2.01,-9.05,-10.82
202207,4.15,27.65,11.03,10.43,3.16,11.78,-0.04,6.3,14.65,2.77,7.41,10.87
202208,-1.82,-5.81,-4.37,3.32,-1.61,-5.18,-2.86,0.15,-3.14,-5.03,-2.16,-3.71
202209,-8.35,-6.55,-11.92,-9.14,-10.75,-11.41,-13.85,-11.62,-7.63,-1.91,-7.69,-8.77
202210,9.98,-6.61,14.84,23.61,6.91,4.98,10.58,3.51,4.25,8.8,12.74,9.86
202211,5.3,-8.1,8.63,0.99,9.91,5.3,2.15,6.78,3.85,5.35,4.79,7.95
202212,-2.66,-28.07,-2.42,-4.17,-2.2,-7.95,-6.81,-1.21,-7.97,-1.74,-5.54,-5.05
202301,-0.37,29.03,7.25,2.82,3.08,9.67,13.53,-1.24,9.74,-1.03,6.37,9.1
202302,-2.18,11,-1.06,-6.84,-3.61,-0.19,-6.5,-5.32,-4.65,-4.29,-2.83,-2.59
202303,3.13,-0.62,-0.17,-0.32,1.61,10.42,-0.13,3.89,3.49,2.49,-8.66,0.94
202304,3.16,-15.24,-2.01,2.59,2.62,0.28,0.99,1.72,2.19,4.12,1.97,1.49
202305,-5.35,13.52,-4.14,-9.51,-8.53,8.25,-9.4,-5.82,0.62,-3.67,-3.77,-0.84
202306,2.84,24.66,11.58,6.42,8.69,5.87,4.63,2.61,7.89,4.66,5.87,9.82
202307,2.32,2.73,3.81,7.34,1.79,4.32,0.98,2.79,2.28,-0.11,6.4,3.51
202308,-3.77,-4.31,-2.21,1.95,-2.75,-1.67,0.14,-5.29,-0.4,-0.22,-3.61,-2.98
202309,-4.57,-2.58,-7.3,3.17,-6.57,-5.95,-3.22,-5.04,-5.68,-4.71,-2.04,-5.57
202310,-3.53,-17.88,-3.01,-6.24,-2.21,-1.73,-0.18,1.12,0.47,-4.58,-1.78,-3.78
202311,5.02,15.76,9.73,-1.29,6.28,11.94,6.97,5.08,7.18,5.87,10.25,10.73
202312,3.53,6.61,7.83,0.18,2.85,4.66,2.26,1.69,5.9,6.9,6.77,6.34
202401,-1.77,-17.91,-1.94,-0.11,0.56,3.11,4.53,-3,1.28,3.52,0.72,1.29
202402,1.92,7.21,6.13,2.95,3.16,6.11,-2.72,2.43,9.46,4.63,3.64,6.6