0.158257,0.178864,0.145301,0.266076,0.131931,0.134778,0.064138,0.120822,0.187119,0.134060,0.097943
0.012459,0.078937,0.029274,0.086465,0.043793,0.053774,-0.062172,0.109278,0.039062,0.111110,-0.030711
0.169652,0.042380,0.034604,0.090025,0.013293,-0.018171,0.019721,0.058242,0.076821,-0.012847,-0.036979
0.023941,0.039461,-0.040285,-0.039919,-0.021981,-0.047047,0.004918,0.082738,0.003430,-0.013617,-0.043956
0.040502,0.017173,0.033840,-0.105172,0.014598,-0.007575,0.034412,-0.002577,-0.001151,0.004290,-0.020153
0.066636,0.044942,0.082222,0.028085,0.053304,0.059391,0.073445,0.014737,0.062420,0.062491,0.027646
0.070302,0.062540,0.050973,0.021138,0.085823,0.026121,0.075600,0.002968,0.088436,0.054552,-0.036844
-0.027323,0.039898,0.077968,0.084450,0.031064,0.076808,0.046555,0.076172,0.043881,0.029725,0.039713
-0.035924,-0.068314,-0.016172,-0.055203,0.006001,-0.039022,0.025637,-0.059647,0.008946,-0.012676,-0.020589
-0.262673,-0.253111,-0.182020,-0.271487,-0.263450,-0.196858,-0.086813,-0.220059,-0.283833,-0.164100,-0.023897
-0.141407,-0.061104,-0.080905,-0.059755,-0.065040,-0.113993,-0.095463,-0.090131,-0.013155,-0.098996,-0.021946
0.044683,0.094045,0.060648,0.109431,0.099064,0.066860,0.017980,0.086869,0.123786,0.042375,0.011070
0.111329,0.063151,0.024799,-0.013899,0.025983,0.095105,0.120946,-0.032475,-0.059417,0.055837,0.123230
0.076269,0.081553,0.041766,0.138140,0.048067,-0.007243,-0.006840,0.067643,0.083372,0.047208,-0.040555
0.038970,-0.019810,-0.015635,-0.089427,-0.025388,-0.050943,-0.065853,-0.077391,-0.038618,-0.044184,-0.039463
0.035521,0.027504,0.003687,-0.017215,0.007382,-0.003204,0.006779,0.047204,0.036482,-0.027571,-0.011365
-0.009458,0.008384,-0.004313,-0.024977,0.017148,0.054558,0.029665,-0.001449,-0.010627,0.016397,0.059532
-0.047357,0.078786,0.032246,0.111121,0.057365,0.074736,0.022763,0.120615,0.105317,0.011730,0.014073
0.013737,-0.013710,0.022833,-0.064064,-0.025387,0.007298,-0.012395,-0.024968,-0.037662,0.016078,0.003207
-0.019890,-0.043362,-0.010166,-0.019555,-0.045837,-0.003503,-0.051541,-0.094181,-0.050115,0.002911,-0.015202
-0.005144,0.046425,0.086439,-0.006121,0.072454,0.051385,0.051156,0.039827,0.019934,0.045945,0.030384
0.026935,0.043344,0.022889,0.012215,0.009774,0.006917,0.057357,0.028479,0.010523,0.009893,0.036798
-0.020645,-0.008593,-0.016355,0.021172,-0.003656,-0.021018,0.004147,-0.035240,-0.018880,-0.012594,-0.009209
0.012648,0.003221,0.031433,0.010358,0.016937,-0.012433,0.000429,0.046032,0.044992,0.013195,0.015121
0.089483,0.080741,0.061847,0.091565,0.069394,0.100152,0.087346,0.068105,0.109335,0.069760,0.023543
-0.007446,-0.029283,-0.022001,-0.042871,-0.034687,-0.031487,-0.031303,-0.048371,-0.026722,-0.015726,-0.020850
0.048575,0.013698,0.062599,0.021380,0.015225,0.072248,0.053870,-0.074536,0.018233,0.053931,0.015220
0.033447,0.040137,0.074014,0.109313,0.068329,0.025477,0.082411,0.051802,0.042769,0.053146,0.030219
0.020669,0.048413,0.068728,0.020684,0.065632,0.039193,0.044334,0.015635,0.009023,0.030184,0.058304
0.030819,0.007205,0.015895,-0.067883,-0.025293,0.005350,0.005074,-0.014072,-0.029317,-0.024498,0.035760
0.057112,0.081952,0.138533,0.143915,0.099338,0.102722,0.100800,0.032905,0.074207,0.146449,0.064237
0.076877,0.058507,0.001395,-0.005630,0.038398,0.019895,-0.015473,0.030030,0.086088,-0.000170,-0.015538
-0.005154,-0.020635,-0.012235,-0.063169,-0.021848,0.039412,0.066311,-0.041651,-0.016783,0.026159,0.007350
-0.028118,-0.035909,0.028462,-0.055645,-0.042227,-0.019615,-0.025247,-0.065177,-0.026635,0.010713,0.014842
0.092924,0.003744,0.039696,0.003047,0.038673,0.002232,0.011437,-0.001278,0.034963,0.050384,0.042408
0.047815,-0.004050,0.028592,0.022359,0.044205,-0.013997,0.058997,-0.030046,0.050378,0.002785,0.051487
-0.053316,-0.054046,-0.087825,-0.097432,-0.043923,-0.107523,-0.096665,0.032087,-0.063548,-0.071553,-0.048917
0.054854,0.041370,-0.004038,0.021193,0.032324,0.026525,0.013806,0.047462,0.014815,-0.021559,0.006120
0.046032,0.027264,0.067786,0.062121,0.046025,-0.039044,0.039681,0.036800,0.019987,0.031107,-0.005322
-0.057130,-0.042582,0.028760,-0.048249,-0.011557,-0.036673,-0.037596,-0.002874,-0.039768,0.015143,-0.054815
0.107155,0.111702,0.111035,0.119624,0.086220,0.120324,0.068121,0.112870,0.074348,0.137624,0.057501
-0.045268,-0.023227,0.061220,-0.064024,0.001043,-0.022149,-0.070692,-0.015814,-0.035410,0.045719,0.012301
0.115621,-0.054789,0.014189,-0.030357,-0.000875,-0.029490,-0.019530,-0.060433,0.041179,0.037760,0.019214
-0.015380,-0.126785,-0.072221,-0.153626,-0.120736,-0.118852,-0.100495,-0.103430,-0.117404,-0.074344,-0.073343
-0.053693,-0.100506,-0.037813,-0.044659,-0.076265,-0.097302,-0.017341,-0.002458,-0.061931,-0.045107,0.007814
-0.063040,-0.024892,0.056460,-0.096977,-0.013683,-0.009410,0.042403,-0.015505,-0.012865,0.013418,0.109832
0.029760,0.096325,0.061592,0.097713,0.055737,0.165334,-0.001943,0.116637,0.098995,0.107781,0.022396
-0.051932,0.024964,0.036646,0.107997,0.057679,0.066944,-0.013857,0.054177,0.046941,0.019602,0.011374
-0.018275,0.086967,0.033843,0.077606,0.097176,0.065296,0.041322,0.138048,0.043476,0.039759,-0.017537
0.127371,0.099129,0.104901,0.000545,0.059398,0.085302,0.026249,0.049592,0.054611,0.089634,0.042365
-0.078594,0.021964,0.054332,0.029940,0.002045,0.091861,0.038236,-0.044275,-0.013167,0.051694,0.032092
0.019343,0.007209,-0.005727,0.115859,0.005174,-0.010326,0.045437,-0.060535,0.046732,-0.001545,-0.005652
0.028238,0.102638,0.037316,0.162113,0.089943,0.037557,0.001453,0.037932,0.104337,0.046653,-0.006485
-0.087946,-0.044698,-0.044929,-0.098211,-0.045878,-0.067036,0.002127,-0.075078,-0.015419,-0.038178,-0.003968
0.129776,0.024871,0.079739,0.038927,0.008831,0.030359,0.043872,0.033540,0.043981,0.075646,0.041045
0.074763,0.028335,0.056592,-0.018064,0.017796,0.058647,-0.003170,0.014482,-0.004257,0.030812,0.027944
-0.062698,0.005911,-0.030841,0.003239,-0.018277,-0.004422,-0.012898,0.024937,-0.021644,-0.017237,0.057128
0.003355,-0.003669,-0.004765,0.003653,0.019960,0.012074,0.014040,0.026069,0.036293,0.062867,0.016821
-0.127878,-0.041830,0.014608,-0.137009,-0.059394,-0.056275,-0.052773,-0.038368,-0.060258,-0.016701,0.028987
-0.002438,0.113767,0.174379,0.160319,0.137203,0.131187,0.089515,0.051899,0.081633,0.162661,0.071257
-0.032842,0.063344,-0.037048,0.098991,0.006715,-0.023445,-0.030083,0.066183,0.021667,-0.073297,-0.040090
0.020261,0.073875,0.002926,0.106597,0.021706,0.025759,-0.009472,0.025059,0.029570,-0.012430,-0.023826
-0.067653,-0.009928,-0.002289,0.034607,-0.023861,0.006649,0.052899,-0.068830,0.018190,-0.047453,0.002784
0.121295,0.052922,0.013228,0.035763,0.018438,0.011361,0.067243,0.046720,0.071796,-0.004759,0.035861
0.068871,0.004949,0.016396,-0.043043,-0.006096,0.013442,-0.019407,0.003124,-0.003026,0.017132,0.023410
-0.074413,0.002510,-0.021563,0.005347,-0.017296,0.032293,0.014159,0.032348,-0.026021,-0.039008,0.015290
0.064655,0.020615,0.057738,0.010237,0.020287,0.032348,0.037268,0.014595,0.041927,0.067317,0.073235
0.035508,-0.045661,0.010723,-0.016114,-0.035608,-0.027092,-0.009057,-0.051403,-0.047455,-0.030057,-0.015464
-0.022373,0.004620,0.022763,0.042758,0.048853,0.056965,0.027986,0.018029,0.000636,-0.043729,0.008982
-0.052562,0.027060,0.005192,0.047369,0.004051,0.028809,-0.005572,-0.030583,0.019540,0.032880,-0.007477
-0.021942,0.080608,0.026521,0.053969,0.051261,0.055816,0.033579,0.048481,0.010522,0.033165,0.006089
-0.019866,0.014995,-0.002489,-0.046858,0.027839,0.037407,0.069618,-0.028042,0.025813,-0.017817,0.043658
0.025125,0.042188,-0.009001,0.115964,0.005604,0.053011,0.032076,0.098213,-0.014504,-0.075601,0.024539
0.090776,0.001309,-0.008101,0.013959,0.005621,0.031833,0.075228,0.026968,0.023438,-0.061190,0.061964
0.041531,0.037170,0.000187,-0.010435,0.029122,0.031114,0.018855,0.002162,0.022483,0.002757,0.013888
0.047496,-0.029703,-0.108949,0.071697,0.016201,-0.017697,-0.035058,-0.061286,0.045031,0.040243,-0.007985
0.019939,0.044927,0.021733,0.011667,0.025906,0.007615,0.058490,0.088201,0.016486,0.021735,-0.004672
-0.034062,-0.014549,0.001426,-0.061326,0.008340,0.038751,0.043513,-0.012267,-0.034002,-0.035786,0.031360
0.008251,0.019342,-0.029495,-0.062981,0.010153,0.010591,0.039758,-0.070441,0.015497,-0.080485,0.029791
0.057858,0.019979,0.033842,0.037332,0.043576,0.030027,0.023935,0.089547,0.025973,0.051269,0.038753
-0.026825,-0.017106,-0.023603,0.000881,-0.027438,0.036754,-0.029649,0.023536,-0.035115,0.000919,-0.004978
-0.051642,0.094028,0.077972,-0.012247,0.014180,-0.039605,-0.002648,0.010859,0.045769,0.062480,-0.004084
-0.080325,0.018673,0.024018,0.100144,0.010983,-0.017549,-0.049346,0.061407,0.027687,0.030960,-0.048858
0.003259,0.032508,-0.005661,0.018083,0.037940,0.014811,-0.022861,0.021815,0.039506,0.021861,0.014021
0.034764,0.047467,0.022177,0.089655,0.041616,0.059613,0.066477,0.060051,0.078344,0.006571,-0.016351
-0.039321,-0.003805,0.005207,-0.025302,-0.015327,-0.058828,-0.090256,0.024450,-0.019344,-0.064330,-0.055272
-0.070193,-0.061880,-0.059639,-0.090684,-0.043197,-0.048140,-0.013309,-0.016054,-0.027538,-0.061986,-0.055058
0.054276,0.014650,0.021557,-0.015938,-0.013596,0.029278,0.028784,-0.022661,0.022828,0.041535,0.011951
0.045223,0.000727,-0.030088,-0.012856,0.013987,0.070242,0.046459,0.059556,0.054565,0.069604,-0.045609
0.029477,-0.033577,-0.009109,-0.041333,-0.027896,-0.049272,0.005407,-0.039993,-0.027799,-0.018472,-0.042125
0.028465,0.022141,0.042298,0.055672,0.042603,0.037890,0.008790,0.019123,0.046124,0.010884,0.050631
-0.012311,0.018501,0.058890,0.088719,0.026316,0.026675,-0.007496,0.094285,0.047920,0.110064,0.006263
-0.020812,-0.052207,0.005402,-0.026630,-0.039090,-0.052088,-0.011886,-0.009297,0.008165,0.022683,-0.033585
0.067818,0.016191,0.027879,-0.106290,0.010829,0.021956,0.010949,0.076752,-0.012668,0.020808,0.018499
-0.085337,-0.020725,-0.006196,-0.023415,-0.056480,-0.046351,-0.075153,-0.024037,-0.084557,0.012748,0.037652
-0.031247,0.024786,0.000331,-0.020805,0.054939,0.017043,0.021488,0.016463,0.046151,0.019155,-0.011728
0.011655,0.013344,0.024614,0.022140,0.016156,0.062011,0.023158,0.012099,-0.042084,0.059351,0.068168
0.076704,0.041738,0.033791,0.080687,0.052092,0.043274,0.032373,0.086987,0.062111,0.018329,-0.005310
0.051475,0.026206,0.040924,-0.042966,0.037347,-0.002130,0.021054,0.081738,0.066920,0.032702,-0.030293
0.053280,-0.009427,0.025494,0.071750,0.033712,0.024925,0.003204,0.123943,0.007997,0.033788,0.034093
0.030491,0.049082,0.056173,0.049423,0.029449,0.074626,0.010020,0.042322,0.040121,0.036900,0.077806
-0.033222,0.010347,0.025016,0.062860,0.011649,0.012576,0.041071,0.084958,0.022661,0.043254,-0.002349
0.050022,0.043085,0.002711,0.001833,0.054916,0.027236,0.023426,0.061856,0.025421,0.043871,-0.007784
-0.002270,-0.016308,-0.014809,-0.020078,-0.005882,0.050048,0.056757,0.003097,-0.004913,0.008830,-0.006207
-0.006291,0.012791,0.076417,-0.003623,0.036269,0.063018,0.130973,-0.019061,0.011485,0.092554,0.078344
-0.048596,-0.026434,0.011764,-0.017511,-0.006413,-0.023764,-0.009075,0.063269,-0.068048,0.031156,0.018209
0.041917,0.075531,0.057551,0.019017,0.077258,0.062210,0.040860,-0.024736,0.074479,0.054767,-0.012127
0.088087,0.033602,0.008577,-0.040088,0.038648,0.022123,0.031055,-0.063846,0.008975,0.053554,0.060725
0.022148,0.043726,0.018826,0.069617,0.038014,0.052618,0.022896,0.067176,0.066042,0.058236,0.032552
0.033992,0.014234,0.028927,-0.069315,0.009476,0.014135,-0.037470,0.070451,0.025474,-0.014783,-0.044999
0.089397,0.037942,0.002879,0.082642,0.028726,0.031267,-0.029932,-0.022486,0.056133,-0.005789,-0.018052
0.061681,0.019391,0.001457,0.064688,0.011409,-0.020299,0.023739,0.088697,-0.000533,-0.014493,-0.048082
-0.015534,0.023286,0.070131,-0.069089,0.034638,0.021803,0.009282,0.043518,0.001093,0.044156,0.019311
-0.002696,-0.015327,0.044238,-0.061959,0.018669,0.005601,0.006161,-0.012350,-0.056967,0.011680,0.057505
-0.051254,-0.056599,-0.032850,-0.014702,-0.042288,-0.020141,-0.107142,-0.013938,-0.024005,-0.045974,-0.078119
0.052380,0.038507,0.005638,0.065772,0.027889,0.027097,-0.020138,0.043106,0.028475,0.038426,0.035962
0.022894,0.025119,0.048675,0.033209,0.066391,0.061750,0.008589,0.129842,0.043818,0.092310,0.008861
0.100125,0.009655,0.016691,0.015185,0.025551,0.080083,0.014180,0.039877,0.015099,0.028055,0.041310
0.054152,0.055862,0.050030,0.007918,0.078350,0.092153,0.061686,0.151917,0.062011,0.088009,0.012486
-0.007486,-0.031751,0.005053,0.023110,-0.026950,-0.027517,0.050388,-0.018744,-0.027306,-0.038628,-0.002978
0.100332,0.020240,0.068554,-0.028802,0.045257,0.095817,0.025652,0.142880,0.042925,0.123411,0.021292
-0.054964,0.019729,0.063805,0.017821,0.001697,0.023855,0.043592,-0.065631,0.028522,0.015505,0.001865
0.037366,-0.016052,-0.047724,-0.036790,-0.028492,-0.069488,-0.106403,-0.040033,-0.054865,-0.060638,-0.024783
-0.004808,0.071873,0.079327,0.029881,0.071812,0.075451,0.023359,0.159438,0.030418,0.095244,-0.032341
0.095440,0.042356,0.064835,0.086380,0.075070,0.055213,0.055136,0.083122,0.063167,0.057789,0.045372
0.023458,0.021357,0.044408,0.044046,0.055819,0.057439,0.018437,0.021217,0.060325,0.104178,0.044200
0.140696,0.077165,0.048722,0.189889,0.071766,0.112330,0.051455,0.179657,0.077394,0.029189,0.035727
0.005092,-0.020947,-0.086507,-0.066240,-0.062438,-0.078820,-0.011659,-0.032299,-0.037834,-0.075858,-0.027773
0.091591,0.062406,0.044048,0.035474,0.051795,0.090504,0.090715,0.016592,0.015651,0.065427,0.047205
0.044680,-0.006447,-0.026454,-0.166809,-0.061221,-0.016132,0.037862,-0.061686,-0.065992,0.020128,0.014672
-0.046679,0.039936,0.091968,0.091607,0.078503,0.044540,0.143062,0.036080,0.029246,0.051317,0.078714
-0.010856,0.034704,0.032208,-0.076044,0.005196,0.067646,0.067307,-0.066189,0.017917,0.042006,0.074509
-0.084302,0.027649,-0.022704,0.024752,0.021441,-0.031011,0.041115,0.098864,-0.024146,0.069248,-0.029972
0.056888,0.092999,0.074944,0.000339,0.062033,0.090868,0.005928,0.109992,0.068742,0.065261,0.025431
0.039283,0.053636,0.061564,0.117675,0.066285,0.049188,0.091314,0.041489,0.066651,0.035084,0.086894
0.045160,0.044162,-0.024207,0.034832,-0.006249,0.025634,-0.059530,0.061822,0.045979,0.034071,-0.038208
-0.065842,0.030122,0.029364,-0.112392,-0.030006,-0.003545,0.008196,-0.061058,-0.014323,-0.025096,-0.005687
-0.052438,0.026957,0.058813,-0.085210,0.026341,0.057669,-0.012872,0.136253,-0.007873,0.080369,0.039255
-0.110429,-0.012404,-0.022431,-0.083029,-0.038795,-0.006884,0.028933,0.059726,-0.072939,0.006250,-0.048490
-0.226545,-0.158673,-0.107917,-0.108152,-0.118607,-0.217389,-0.106336,-0.163091,-0.113860,-0.093406,0.072424
0.202087,-0.003817,-0.008498,0.113966,0.037523,0.065650,0.126541,0.150380,0.057849,0.136024,0.052605
0.033264,0.117246,0.187151,0.114258,0.109305,0.095769,0.058536,0.073111,0.063501,0.044256,-0.014654
-0.096882,0.101414,0.060557,0.068494,0.037604,0.071761,0.044514,0.140267,0.025133,0.063292,0.020539
0.017229,0.099629,0.029729,0.010032,0.049910,0.024952,0.168268,0.158039,0.006332,0.047153,0.025148
-0.029490,0.059232,-0.019554,0.061500,0.026014,0.031621,0.092077,0.176316,0.047132,0.010289,-0.051982
0.017473,0.010536,-0.034403,0.028874,-0.010111,0.027132,-0.038965,-0.113166,-0.002715,0.011678,-0.047892
0.259266,0.040239,0.006400,-0.005881,0.047653,0.046137,-0.036211,0.090115,0.046794,0.025154,-0.036866
0.124509,0.018436,0.027910,0.212474,0.086977,0.087447,0.007757,0.022447,0.208023,-0.056990,0.088851
0.001977,-0.049280,-0.009454,-0.068514,-0.024180,-0.058417,0.074870,-0.005673,-0.040540,-0.022987,0.068253
0.025665,0.077990,0.028845,0.108439,0.067544,0.049740,0.012510,0.150625,0.037263,0.049195,-0.029067
-0.010862,-0.047802,-0.034340,-0.055226,-0.021740,-0.052816,-0.022966,0.001559,-0.003175,-0.044320,-0.021576
0.037007,-0.040142,0.001481,-0.122036,0.004831,-0.033084,-0.093708,0.072612,-0.065257,0.056931,0.025457
-0.077995,-0.002785,-0.054670,0.028352,0.008531,-0.042576,-0.009414,-0.002708,-0.020958,-0.078096,-0.053174
-0.034456,0.060111,0.125452,0.041029,0.046685,0.185669,0.063985,0.023889,0.033650,0.113385,0.021534
-0.037063,0.009873,0.026308,0.021878,-0.038978,-0.043340,0.143514,0.108080,-0.029007,0.011435,-0.073178
0.016194,0.112519,0.042749,0.167565,0.102535,-0.007398,-0.040201,0.273365,0.104021,-0.071579,0.009482
0.039720,-0.032906,-0.094263,-0.187747,-0.089976,-0.027627,0.023827,-0.039072,-0.104898,0.064549,0.060271
-0.034650,-0.027453,-0.100017,-0.100615,-0.046061,-0.123745,-0.028344,0.169475,-0.111346,-0.089951,-0.100093
0.066022,0.146849,0.048916,0.112655,0.160896,0.204082,0.136400,0.109449,0.089156,0.049388,0.012115
-0.003715,-0.019777,0.015864,-0.065235,0.016429,-0.014529,-0.103285,-0.067101,-0.027667,0.096476,0.162401
0.083686,-0.074983,0.081305,-0.059831,0.003114,0.088343,-0.146193,-0.090012,-0.004082,0.064870,0.026875
-0.048248,-0.043174,0.005714,-0.132801,-0.018900,-0.063024,-0.013667,0.133616,-0.078155,0.094497,-0.049557
0.004793,0.015671,-0.008971,0.068917,0.028065,0.120999,-0.053589,-0.043345,-0.006121,-0.064583,0.077309
0.076192,0.002353,-0.040272,0.011668,0.101253,0.087073,-0.029310,0.119120,0.011368,0.026919,0.148959
0.052485,0.008680,0.036319,-0.121720,-0.004933,0.043336,0.023797,-0.158854,-0.068905,0.046906,0.111999
-0.027301,-0.007676,0.081361,0.153587,0.033617,-0.001043,0.074620,-0.028338,0.094484,0.051871,-0.035108
-0.037762,-0.087469,0.075049,-0.058770,-0.043000,-0.035724,-0.087183,-0.157464,-0.015121,0.054300,0.045205
0.075653,0.074528,0.046369,0.152845,0.021536,0.070925,-0.085604,-0.078134,0.151485,0.028475,0.059219
-0.032786,0.105845,-0.023311,0.037030,-0.011831,0.011370,0.177749,0.183313,-0.048897,-0.075505,-0.099819
-0.023662,-0.033322,-0.022115,0.021613,-0.004499,-0.064109,-0.065389,-0.229667,0.017650,0.005045,0.062176
-0.016168,-0.033164,-0.041514,-0.051047,-0.080705,-0.024691,-0.044592,-0.107463,-0.046128,-0.074067,0.027950
0.108292,0.070545,0.007839,0.111806,0.134664,0.033638,0.078588,0.196247,0.092337,0.035777,0.055908
-0.005737,0.035101,0.022071,0.017215,0.029339,0.041128,-0.014301,-0.035311,0.042588,0.014952,0.001859
-0.067288,-0.006427,-0.027247,-0.036110,-0.035792,0.000395,0.001363,0.032183,-0.026241,-0.042178,-0.068898
-0.028078,0.031675,0.047916,0.079586,-0.029729,-0.008885,0.055439,-0.043917,0.008019,0.059632,-0.038916
-0.045687,-0.067523,-0.005999,-0.043194,-0.044011,-0.052872,-0.076869,-0.104217,-0.001455,-0.026977,0.000857
-0.050148,-0.158254,-0.001462,-0.141674,-0.101758,-0.057067,0.056387,-0.171235,-0.075267,0.013059,-0.082460
0.043569,0.037708,0.008370,0.032847,0.013419,-0.013236,-0.098063,0.180933,0.027174,0.003260,0.013686
-0.042846,0.166782,0.038146,0.058906,0.091588,0.075308,0.036760,0.167479,0.112847,0.051831,-0.008799
0.061501,0.046340,0.016910,0.016635,0.042015,0.027015,0.013347,-0.003376,-0.013120,-0.028941,0.042263
-0.035112,0.016961,0.022115,0.029932,-0.032086,-0.021698,0.001842,0.033910,0.020566,-0.005527,-0.026601
0.045722,0.008058,0.034177,0.041063,0.035643,-0.004617,-0.031497,-0.123667,0.056013,0.006642,-0.004536
0.081884,0.044548,0.027973,0.040680,0.005692,0.067440,-0.016398,0.078476,0.035785,0.003959,0.105798
-0.057499,-0.003350,-0.004329,-0.039479,-0.073877,-0.024213,-0.129674,-0.125033,-0.035172,-0.055665,0.001577
-0.013983,-0.002942,0.001540,0.077212,0.008391,0.006944,0.052423,-0.025422,0.050578,-0.020325,-0.049621
-0.010718,-0.078508,-0.034713,0.008073,-0.042020,-0.047884,-0.073339,-0.090273,-0.009263,-0.085970,-0.050465
-0.117815,-0.110952,-0.060648,-0.060666,0.001538,-0.078501,-0.112029,-0.072306,-0.098884,-0.023502,-0.098998
0.004705,0.006050,0.034179,-0.019125,-0.022000,0.024514,0.001830,-0.010370,0.010111,0.012690,0.035976
-0.091066,-0.100054,-0.066227,-0.118996,-0.115239,-0.108913,-0.106310,-0.160476,-0.103627,-0.057627,-0.101014
0.033993,0.040718,0.049215,0.004509,0.041589,0.104300,0.308111,0.248513,0.057844,0.071267,0.023031
0.042121,0.090584,-0.013617,0.104535,0.071911,0.050563,0.098344,0.178440,0.120366,0.044920,0.035064
-0.000664,-0.076161,-0.013733,-0.038433,-0.046647,-0.058300,-0.078753,-0.131419,-0.024994,-0.035995,0.046175
-0.019700,-0.026598,-0.038307,-0.019105,-0.044686,-0.013046,-0.035671,-0.003897,-0.039603,-0.003010,-0.033618
0.019867,0.010124,-0.017271,0.036167,-0.008036,-0.037259,-0.067721,0.022879,-0.033669,-0.017479,-0.035566
0.014999,0.031215,0.027540,-0.006175,0.016771,-0.001273,0.005174,-0.006544,0.015151,0.038824,0.049803
0.003927,0.113431,0.052239,0.046805,0.115993,0.131004,0.103914,0.096530,0.082834,0.042646,0.089431
0.089494,0.057547,0.055101,0.016478,0.025270,0.056612,0.035428,0.085326,0.030803,0.021650,0.106325
-0.009384,0.022840,0.017883,0.035293,0.020688,0.016933,0.048110,-0.002127,0.000382,0.048439,0.019643
-0.023289,0.033389,-0.003190,0.066266,0.032325,0.051403,-0.037489,0.065739,0.081621,-0.009572,-0.054536
0.066104,0.056870,0.019625,0.038220,0.043664,-0.011571,0.017877,0.065396,0.029702,-0.033206,0.015449
-0.024420,-0.030228,0.003614,0.015457,-0.024626,0.000654,-0.053670,-0.001125,-0.044047,0.002195,0.045043
0.009460,0.095467,0.052591,0.020682,0.058571,0.067793,0.085233,0.090188,0.090695,0.012073,0.014813
0.002504,0.015531,0.004200,-0.007791,0.011314,0.002414,0.001055,0.021606,0.025750,0.020898,0.003730
0.138934,0.033127,0.019805,0.050807,0.073395,0.056207,0.060698,0.032660,0.096813,0.060990,0.069746
0.013877,-0.002721,0.008377,0.019980,0.019323,0.028030,0.023720,0.039698,-0.030535,0.031860,0.024917
0.041215,0.035374,0.059435,0.039727,-0.006078,0.025853,0.014747,-0.032297,0.043919,0.009462,0.019161
-0.007726,-0.000644,0.002021,0.033513,-0.017952,-0.005825,-0.035935,-0.023116,-0.011663,-0.038729,0.009150
0.016752,-0.017812,0.010052,-0.122262,-0.001243,-0.035517,-0.005737,-0.036486,-0.031350,0.032494,-0.043883
0.007319,0.015541,-0.015953,0.060975,0.030493,0.015720,-0.057025,0.055548,0.022966,-0.000225,0.007539
0.051143,0.012186,0.002557,0.027993,0.056320,0.005075,0.051055,0.033476,0.055515,0.000195,0.011980
0.034152,-0.027225,-0.047659,0.002934,-0.012603,-0.017590,0.034009,-0.070288,-0.017202,-0.047940,0.020385
-0.006994,-0.005448,0.018762,0.066497,0.000257,0.034694,0.010373,-0.045816,0.021952,0.021332,0.040324
0.083320,0.031227,-0.025265,0.001383,0.023277,-0.005066,0.010670,0.031319,0.040798,-0.014741,0.005355
0.008198,0.045342,0.010294,0.044015,0.012440,0.002549,0.022008,0.062145,-0.000954,-0.014112,0.044041
0.060657,0.042515,0.031866,0.044607,0.058170,0.029756,0.067852,0.049320,0.083643,0.012801,0.045198
-0.017132,0.056278,0.044817,0.049873,0.028932,0.040348,0.011891,0.025628,0.025863,0.059144,0.027406
0.027633,-0.025783,0.006599,-0.092347,-0.022599,-0.018577,-0.072260,-0.058152,-0.019061,-0.032070,0.021019
0.191399,-0.002302,0.003850,0.061984,0.008990,-0.001175,0.006545,0.008548,0.079309,0.037342,0.020780
-0.035703,0.006021,-0.008731,-0.010520,0.005050,-0.039871,-0.009550,-0.019495,-0.022697,-0.001272,0.011241
-0.053575,-0.061459,-0.007128,0.049785,-0.022508,0.007369,0.012259,-0.032579,-0.075920,0.034058,0.033165
0.019052,0.070368,0.022681,0.011584,0.022603,0.029685,0.009797,0.080496,0.002349,0.012777,0.006787
0.058021,0.011552,-0.015971,0.027027,-0.024817,0.013804,0.001951,-0.023479,-0.009657,-0.003391,0.061755
0.056196,0.056614,0.033322,0.097715,0.034497,0.012006,0.031811,0.066290,0.053212,0.030800,0.023507
0.054435,-0.038621,-0.014521,-0.037802,-0.020380,-0.014400,-0.037978,0.006537,-0.037730,0.000027,0.004681
0.059462,-0.026038,0.014694,0.010510,0.012399,0.012063,-0.024726,0.007152,0.014478,-0.002916,0.031024
-0.090532,-0.003687,0.006139,-0.032840,-0.005557,0.032145,-0.015628,-0.014727,0.019097,-0.026448,-0.057810
0.019324,0.038907,0.010308,0.062198,0.057100,0.049376,0.042222,0.076670,0.059975,0.014626,-0.002014
0.000920,-0.008709,-0.001939,-0.007578,0.006964,0.000152,-0.037155,-0.029095,0.029344,0.035711,0.016649
0.143486,0.021073,0.002957,0.076932,-0.003915,-0.001616,0.050362,0.043382,0.054371,0.021251,0.027864
-0.075745,0.012541,0.009199,0.026170,0.029136,0.022925,0.066920,-0.007053,-0.010686,0.013973,0.009971
0.041041,0.003068,0.010092,0.043680,0.044394,0.006671,0.032043,0.017565,0.050057,-0.010177,-0.041613
0.052921,0.011323,0.005688,-0.039685,0.025354,0.051046,-0.022931,-0.007776,0.036526,-0.026524,0.013148
-0.026004,-0.017196,0.015787,-0.038634,-0.011764,-0.033819,-0.030161,-0.065834,-0.034663,-0.020203,0.008003
0.019390,0.001735,0.013591,0.038284,-0.005059,-0.005468,0.047944,-0.013697,0.001711,0.002011,0.022112
0.053548,-0.040797,0.014600,0.045629,-0.041258,0.030229,0.053824,-0.030156,-0.023402,0.058383,0.047848
-0.036256,0.025166,0.037044,0.044732,0.011632,0.012120,0.014717,0.097680,0.037148,0.032215,0.028316
-0.024998,0.076744,0.012076,0.025648,0.039757,0.041671,0.044125,0.041767,0.008610,0.018033,-0.014869
0.046196,0.066484,0.021673,0.065515,0.021714,0.019148,0.048776,0.041170,0.067268,0.008637,0.055078
0.083946,0.015917,-0.008898,0.049139,0.025653,0.007851,-0.001834,0.036073,0.046731,-0.001506,0.031220
-0.014695,0.022318,0.020399,-0.005356,0.016988,0.040604,0.045780,-0.006170,0.009659,0.009986,0.015733
-0.016350,0.030993,0.022992,0.099192,0.015348,0.010469,0.042981,0.018181,0.044026,0.032638,-0.003107
-0.018972,-0.027557,-0.013638,-0.007176,-0.009688,-0.027028,-0.009119,-0.023142,0.014885,-0.022597,0.043754
0.062634,-0.003868,0.018815,-0.037379,0.008217,-0.000042,0.042946,0.010034,0.027893,0.004710,0.048642
0.051640,0.036738,0.037727,0.001789,0.050639,0.040791,0.008407,0.062353,0.014408,0.078721,0.044845
0.073117,0.032523,0.010103,0.005620,0.046978,0.025847,0.096806,0.041920,0.050096,0.018062,0.008885
0.020044,-0.013631,-0.018972,-0.101472,0.003853,-0.038025,-0.024071,0.004604,0.000373,-0.035222,-0.048105
0.012430,-0.054481,-0.018551,-0.069194,0.010852,-0.067923,-0.016673,0.002580,-0.008679,-0.038900,-0.040510
0.008491,0.013575,0.024832,0.048076,0.002379,0.017591,-0.002766,0.035949,0.000811,0.026238,0.022261
0.081792,-0.006778,0.042888,0.049479,0.050493,0.029413,0.048898,0.039435,0.081046,0.033987,0.038339
0.013689,0.007712,0.030787,0.018782,-0.004637,0.000495,0.000064,0.074449,0.044118,0.026896,0.068125
-0.036388,-0.052645,0.036936,-0.079943,-0.038617,-0.057470,-0.077079,-0.077247,-0.043149,0.013175,0.004676
0.077168,-0.044343,-0.007279,-0.054155,-0.008986,-0.045280,0.041266,0.022344,0.017143,-0.027488,0.005916
-0.107039,0.006918,-0.037695,-0.015579,-0.033969,0.002458,-0.086377,-0.104140,-0.031097,-0.044383,-0.069661
0.079345,-0.038394,-0.001944,-0.035444,-0.028424,-0.105146,-0.095972,-0.022554,0.020774,-0.015799,-0.045311
-0.023263,0.000281,0.040705,0.079398,0.034458,-0.009750,0.059777,0.022264,-0.009685,-0.029198,0.017880
0.111155,0.059007,0.008310,0.056758,0.023366,0.064952,0.045354,0.062289,0.066694,0.016700,0.054543
0.037964,0.006639,0.006677,0.004264,0.008526,-0.058097,0.035527,0.056934,0.043573,0.021732,0.035759
0.026749,-0.114437,-0.062639,-0.109054,-0.124676,-0.164138,-0.113476,-0.087827,-0.043972,-0.038472,-0.004788
-0.134067,0.020153,0.033537,0.020195,0.026048,0.114513,-0.060006,-0.001081,-0.013950,0.057781,-0.062673
-0.003477,0.085352,0.028399,0.020533,0.019635,0.002510,0.039214,0.030912,-0.018046,0.022577,-0.010499
-0.109302,-0.064268,-0.006471,-0.006724,-0.110109,0.046362,-0.121971,-0.104710,-0.143631,-0.059753,-0.097776
-0.159444,-0.169784,-0.100631,-0.270259,-0.189845,-0.193057,-0.065992,-0.166994,-0.168316,-0.105051,-0.117976
0.017138,-0.081151,-0.014291,-0.203921,-0.061027,-0.165175,0.075897,-0.100322,-0.090427,-0.058270,0.037397
-0.034739,0.067504,-0.000884,0.197520,0.016653,0.007775,0.009306,0.023967,0.014312,0.070394,-0.022418
-0.030031,-0.076686,-0.086833,-0.153000,-0.114564,-0.226971,-0.099007,-0.035885,-0.055643,-0.005387,-0.005939
-0.112557,-0.064528,-0.049904,-0.174287,-0.170157,-0.139346,-0.025140,-0.035006,-0.059503,-0.122097,-0.118952
0.042092,0.128778,0.047437,0.051574,0.100724,0.219708,0.062329,0.133816,0.166526,0.070662,0.022088
0.058494,0.212498,0.025698,0.339919,0.199811,0.251915,0.034933,0.122451,0.189309,-0.001390,0.006805
0.111874,-0.008283,0.058052,0.025359,0.035432,0.164235,-0.014154,0.025504,0.067677,0.070956,0.040767
-0.041223,0.011676,0.006962,-0.030790,-0.016982,-0.011885,0.011344,0.047719,-0.042623,0.027811,0.061410
0.045523,0.099704,0.059544,0.105277,0.106709,0.096035,0.052409,0.100223,0.137857,0.062536,0.040750
0.009095,0.035934,0.010066,0.097517,0.045992,0.150267,-0.020245,0.025408,0.024795,0.026720,0.009542
0.050602,0.058649,0.035338,0.077250,0.074424,0.016367,0.025320,0.043975,0.056502,0.015651,0.017132
0.034216,-0.008735,0.012171,-0.031559,-0.042265,-0.059243,-0.035274,-0.003585,-0.047998,-0.019418,-0.023515
0.032974,0.077780,0.050763,0.082020,0.091855,0.043300,0.064225,0.053225,0.123865,0.092965,0.047896
-0.004382,0.038738,-0.002296,0.063204,0.014035,-0.020934,0.044653,0.062130,0.009104,0.021518,0.057682
-0.042876,-0.023916,-0.009917,-0.056106,-0.006656,-0.004010,-0.086482,-0.076020,-0.075147,0.004264,-0.047322
0.023775,0.055966,0.028554,0.056361,0.055079,0.035805,-0.016024,0.045615,0.053200,0.005335,-0.011462
0.030548,0.084411,0.039544,0.103222,0.088731,0.098945,0.057720,0.068714,0.083454,0.029388,0.028542
0.048252,0.063249,-0.014174,0.057810,0.042145,0.021168,0.003839,0.027774,0.015704,-0.031133,0.023628
-0.110454,-0.067729,-0.044407,-0.047803,-0.095259,-0.095781,-0.038104,-0.079130,-0.085943,-0.066549,-0.055646
-0.055350,-0.096598,-0.019719,-0.039049,-0.066992,-0.073862,-0.007129,-0.057216,-0.055994,-0.015552,-0.005212
0.082948,0.080766,0.062890,0.105383,0.105009,0.075686,0.097794,0.074535,0.128993,0.018077,0.076200
-0.041618,-0.032262,-0.013917,-0.005674,-0.068141,-0.092589,0.024891,-0.065736,-0.020915,-0.012661,0.018392
0.094133,0.122154,0.058786,0.044544,0.116849,0.065769,0.080223,0.122622,0.081504,0.093561,0.029209
0.058669,0.052925,0.029340,0.036463,0.029518,0.023132,0.010417,0.062068,0.070375,0.025725,0.009467
0.056009,0.038775,-0.010563,-0.006639,0.012172,-0.005252,-0.015727,-0.006187,0.012515,-0.027655,-0.030081
0.091868,0.043075,0.036297,0.054158,0.079888,0.131756,0.081474,0.054482,0.103780,0.047613,0.032135
0.077539,-0.011177,-0.010764,0.046770,0.047601,0.020732,-0.025333,0.049297,0.000811,0.005863,0.010124
0.074207,0.057324,0.017753,0.052425,0.024596,0.020086,0.025330,0.019113,0.028006,0.034337,0.011028
0.015305,-0.004991,0.020599,-0.006799,0.018750,-0.026072,0.062200,-0.019966,0.018797,0.021216,0.001750
0.017757,0.041983,0.052385,0.044935,0.027756,-0.006374,0.018424,0.038191,0.026210,0.066564,0.041209
-0.040849,-0.001836,0.024069,0.019010,-0.025641,-0.036097,0.015290,-0.016687,-0.024603,0.024526,0.023503
-0.016719,-0.000256,-0.026530,-0.029076,-0.003645,-0.025882,-0.009457,-0.021891,0.000147,-0.010796,-0.002102
0.009460,-0.000036,-0.010255,0.006569,-0.069169,-0.040103,-0.058490,0.013782,-0.030718,-0.034754,-0.008137
-0.093325,-0.047652,0.010845,-0.037814,-0.063830,-0.105354,-0.014868,-0.054595,-0.056845,-0.018858,0.023260
-0.111327,-0.055722,-0.029117,-0.089579,-0.086437,-0.121259,-0.009488,-0.027722,-0.146327,-0.043121,0.002684
0.175880,0.120233,0.050611,0.144605,0.144226,0.147518,0.030740,0.116713,0.183512,0.064157,0.035264
0.022180,-0.006132,0.028783,-0.028009,0.012055,-0.050219,0.004279,-0.016878,0.004530,0.011946,0.009613
-0.004899,0.014782,0.027865,0.043429,0.017286,0.019187,0.042033,-0.012176,-0.013507,0.032336,0.033807
0.018663,0.067018,-0.013758,0.061248,0.071106,0.098418,-0.026558,0.093156,0.114700,0.036760,-0.035124
0.061550,0.051755,0.036863,-0.013660,0.029975,0.072885,0.038257,0.081521,-0.000096,0.014805,0.009229
-0.030251,0.049691,0.036853,0.047103,0.013324,0.086286,0.012497,0.053364,0.008099,0.043197,0.014853
-0.008133,0.021344,-0.002443,0.028975,-0.008880,-0.026838,0.054284,-0.013190,-0.004800,-0.000481,0.019009
-0.099950,-0.051395,0.007530,-0.038902,-0.057941,-0.105161,0.029221,-0.074318,-0.071646,-0.034453,0.006395
0.060396,0.018923,0.041684,0.062512,0.039812,0.051100,0.055755,0.035316,0.049253,0.059512,0.037732
0.046109,0.000926,0.029362,0.027971,0.003202,-0.003920,0.068880,0.008053,-0.007330,0.017573,0.024638
0.024858,0.047319,-0.007159,-0.002338,0.016916,0.047340,-0.025333,0.052576,0.026898,0.009951,-0.040446
0.035022,0.032800,0.015919,-0.008706,0.019983,0.042379,0.043115,0.007778,0.039413,0.040738,0.010658
-0.017662,-0.009650,-0.009882,0.007883,-0.004075,0.029408,-0.045373,-0.059378,-0.016134,-0.002467,0.015093
-0.012199,0.035452,0.013699,-0.003454,0.017534,-0.010582,-0.009438,0.012487,0.022631,0.009855,-0.042333
0.005945,0.002556,-0.025341,0.039490,0.027188,0.056721,-0.013051,0.001425,0.038723,-0.001285,0.002179
0.080524,0.062371,0.056902,0.027607,0.056670,0.068242,0.035652,0.017603,0.044125,0.076305,0.048354
0.005636,0.011069,0.028700,0.007496,0.025055,0.011819,0.030401,0.003152,-0.011299,0.016670,0.024520
0.021277,0.045142,0.048669,0.021131,0.026722,0.044411,0.036479,0.028874,0.028056,0.063827,0.055110
-0.004940,0.034868,0.032988,0.074036,-0.005206,0.022317,0.069143,0.014418,0.011583,0.027478,0.060217
0.025341,0.029546,-0.022904,-0.058994,0.051462,0.084799,-0.072581,0.047463,0.023470,0.018672,-0.089937
-0.017424,0.010545,0.000600,-0.022446,-0.011833,-0.013835,0.019865,-0.037823,-0.039212,-0.006366,0.012085
0.054038,0.053601,0.039382,-0.001175,0.060025,0.065962,0.004946,0.049597,0.060646,0.078047,0.037626
-0.013894,-0.026407,-0.045350,-0.054056,-0.021827,-0.049795,-0.042978,0.001263,0.002057,-0.034961,-0.048108
0.018605,0.056330,0.011137,0.037562,0.058694,0.027300,-0.007835,0.032255,0.046441,0.035501,0.011153
0.044914,0.049868,0.060514,0.037372,0.055729,0.036337,0.086753,0.037168,0.042010,0.046548,0.038385
0.011698,0.039389,0.019259,-0.042119,0.038127,0.063687,-0.025216,0.043416,0.013978,0.047956,-0.017616
0.033013,0.023550,0.006847,0.012481,0.042530,0.024680,-0.002129,0.046606,0.048328,0.010502,0.006798
-0.059217,-0.055718,-0.052264,0.026536,-0.042256,-0.040431,-0.030592,-0.028801,-0.045278,0.011489,0.029037
0.052518,0.064955,0.028703,0.045489,0.042753,0.029392,-0.017104,0.050269,0.072497,0.063318,0.034797
0.024495,-0.025010,0.025467,0.006610,0.008679,0.033693,0.050287,0.015795,0.006893,-0.010004,0.034953
0.052263,-0.012299,0.032180,0.037429,0.017513,-0.027506,0.016014,0.007445,0.008250,-0.001234,0.043065
0.016410,0.030516,0.015697,0.035089,0.019832,0.013204,0.035322,0.037314,0.032522,0.029504,-0.008185
0.055288,0.019770,-0.002916,0.005896,0.003197,0.033944,-0.011236,0.024443,0.015932,0.023429,0.043834
-0.031795,-0.010388,-0.029916,0.005443,-0.037320,-0.017177,0.037141,0.018487,-0.015863,0.003450,-0.066118
0.023841,0.049777,0.054060,0.037879,0.042856,0.038463,-0.009752,0.042291,0.040182,0.050197,0.050145
-0.074096,-0.023096,0.008673,-0.048602,-0.008798,0.003312,0.004176,-0.006593,-0.010308,0.003426,-0.017372
-0.024720,0.024046,0.033493,0.091915,0.037899,0.020579,0.009119,0.023236,-0.024733,0.057757,0.080516
-0.079555,0.059493,0.062530,0.035862,0.033319,0.016861,0.012563,0.058445,0.015174,0.034981,0.012288
0.007714,0.012588,-0.008427,0.010473,-0.000951,0.022582,-0.060501,-0.013450,-0.000302,-0.009981,0.034767
-0.044720,-0.021831,-0.010122,0.060623,-0.031511,-0.094941,-0.010779,-0.035949,-0.011338,0.013503,0.024112
0.041858,0.089746,0.041993,-0.026948,0.056587,0.081802,0.066625,0.084929,0.088389,0.043651,-0.061639
-0.016902,-0.002032,-0.016371,0.010203,-0.020952,-0.006528,-0.035660,-0.030444,-0.041800,0.010118,-0.010045
0.069228,0.004016,-0.008488,-0.043393,0.002976,0.016972,0.057769,0.028833,0.036128,-0.008887,-0.004559
-0.045720,0.015791,0.006905,-0.000242,0.003731,0.024254,-0.016539,0.026036,0.009004,0.046560,0.007182
-0.032634,0.009051,-0.019709,-0.042905,-0.024661,0.011203,-0.021035,-0.040756,-0.033705,-0.000562,-0.060014
-0.073147,0.058846,0.054171,0.057134,0.004341,0.025150,-0.000690,0.026508,-0.041475,0.033525,0.062993
-0.039559,-0.057098,-0.060633,-0.049952,-0.052529,-0.071226,-0.033573,-0.055235,-0.054586,-0.075823,-0.037182
-0.063507,-0.003570,0.006628,0.024981,-0.014045,-0.040207,-0.035568,-0.008307,-0.071440,-0.053805,0.032797
0.116240,0.098217,0.053121,0.074698,0.094847,0.063528,0.072254,0.107710,0.145310,0.080596,0.012142
-0.000361,0.002576,-0.007631,-0.009333,0.009508,0.029903,-0.012193,0.008656,0.014382,0.000761,-0.021256
-0.092955,-0.021074,0.031469,0.025345,-0.016678,-0.032143,0.018342,-0.022617,-0.042217,0.017712,0.022323
-0.022661,-0.048617,0.013312,-0.038050,-0.054662,-0.104727,0.067015,-0.046022,-0.092662,-0.070204,0.050571
-0.014020,0.008112,0.003404,-0.008996,0.040912,-0.039490,0.027916,-0.005713,0.081287,-0.003190,0.020129
0.099839,0.068091,0.047399,0.105859,0.072191,0.066601,0.063736,0.094618,0.081248,0.031181,0.083393
0.092601,0.005845,-0.013313,-0.020796,0.013669,0.051681,-0.020199,-0.047319,0.050043,0.034826,-0.023837
-0.003002,0.007372,0.012681,0.016592,-0.002908,0.028836,0.001046,0.056491,0.007724,0.023318,0.015612
0.034266,-0.010295,0.052962,0.064524,0.012500,-0.061749,0.093313,-0.023632,-0.006719,0.013850,0.079828
-0.016466,0.050009,-0.007592,0.033455,0.034340,0.045612,0.010202,0.078260,0.049539,0.053564,-0.007236
0.013765,-0.008662,-0.003462,-0.035620,0.006624,0.059841,-0.056276,0.023608,0.006567,-0.029840,-0.055672
0.034251,0.001839,-0.012988,-0.013253,0.000584,-0.023444,-0.009461,0.026164,-0.012505,-0.004373,0.004128
-0.027142,-0.017272,-0.004137,-0.054282,-0.017124,0.027741,-0.059383,0.000157,-0.019098,-0.062314,0.009149
0.087506,0.047449,-0.036643,-0.026486,0.093653,0.150416,0.036605,0.003153,0.080110,0.025777,-0.052883
0.020464,0.001057,0.031156,0.042817,0.006705,0.040067,0.081357,0.016007,0.001859,0.009293,0.049868